,GHO,PUBLISHSTATE,YEAR,REGION,COUNTRY,IHRSPARCAPACITYLEVEL,Display Value,Numeric,Low,High,Comments
0,IHRSPAR_CAPACITY03,PUBLISHED,2018,EMR,AFG,IHRSPARCAPLEVEL03_C_3_1,80,80.0,,,
1,IHRSPAR_CAPACITY03,PUBLISHED,2018,AFR,AGO,IHRSPARCAPLEVEL03_C_3_1,80,80.0,,,
2,IHRSPAR_CAPACITY03,PUBLISHED,2018,EUR,ALB,IHRSPARCAPLEVEL03_C_3_1,Other,,,,
3,IHRSPAR_CAPACITY03,PUBLISHED,2018,EUR,AND,IHRSPARCAPLEVEL03_C_3_1,60,60.0,,,
4,IHRSPAR_CAPACITY03,PUBLISHED,2018,EMR,ARE,IHRSPARCAPLEVEL03_C_3_1,100,100.0,,,
5,IHRSPAR_CAPACITY03,PUBLISHED,2018,AMR,ARG,IHRSPARCAPLEVEL03_C_3_1,60,60.0,,,
6,IHRSPAR_CAPACITY03,PUBLISHED,2018,EUR,ARM,IHRSPARCAPLEVEL03_C_3_1,100,100.0,,,
7,IHRSPAR_CAPACITY03,PUBLISHED,2018,AMR,ATG,IHRSPARCAPLEVEL03_C_3_1,20,20.0,,,
8,IHRSPAR_CAPACITY03,PUBLISHED,2018,WPR,AUS,IHRSPARCAPLEVEL03_C_3_1,20,20.0,,,
9,IHRSPAR_CAPACITY03,PUBLISHED,2018,EUR,AUT,IHRSPARCAPLEVEL03_C_3_1,100,100.0,,,
10,IHRSPAR_CAPACITY03,PUBLISHED,2018,EUR,AZE,IHRSPARCAPLEVEL03_C_3_1,80,80.0,,,
11,IHRSPAR_CAPACITY03,PUBLISHED,2018,AFR,BDI,IHRSPARCAPLEVEL03_C_3_1,20,20.0,,,
12,IHRSPAR_CAPACITY03,PUBLISHED,2018,EUR,BEL,IHRSPARCAPLEVEL03_C_3_1,100,100.0,,,
13,IHRSPAR_CAPACITY03,PUBLISHED,2018,AFR,BEN,IHRSPARCAPLEVEL03_C_3_1,20,20.0,,,
14,IHRSPAR_CAPACITY03,PUBLISHED,2018,AFR,BFA,IHRSPARCAPLEVEL03_C_3_1,40,40.0,,,
15,IHRSPAR_CAPACITY03,PUBLISHED,2018,SEAR,BGD,IHRSPARCAPLEVEL03_C_3_1,80,80.0,,,
16,IHRSPAR_CAPACITY03,PUBLISHED,2018,EUR,BGR,IHRSPARCAPLEVEL03_C_3_1,80,80.0,,,
17,IHRSPAR_CAPACITY03,PUBLISHED,2018,EMR,BHR,IHRSPARCAPLEVEL03_C_3_1,100,100.0,,,
18,IHRSPAR_CAPACITY03,PUBLISHED,2018,AMR,BHS,IHRSPARCAPLEVEL03_C_3_1,0,0.0,,,
19,IHRSPAR_CAPACITY03,PUBLISHED,2018,EUR,BIH,IHRSPARCAPLEVEL03_C_3_1,20,20.0,,,
20,IHRSPAR_CAPACITY03,PUBLISHED,2018,EUR,BLR,IHRSPARCAPLEVEL03_C_3_1,No data,,,,
21,IHRSPAR_CAPACITY03,PUBLISHED,2018,AMR,BLZ,IHRSPARCAPLEVEL03_C_3_1,20,20.0,,,
22,IHRSPAR_CAPACITY03,PUBLISHED,2018,AMR,BOL,IHRSPARCAPLEVEL03_C_3_1,Other,,,,
23,IHRSPAR_CAPACITY03,PUBLISHED,2018,AMR,BRA,IHRSPARCAPLEVEL03_C_3_1,80,80.0,,,
24,IHRSPAR_CAPACITY03,PUBLISHED,2018,AMR,BRB,IHRSPARCAPLEVEL03_C_3_1,No data,,,,
25,IHRSPAR_CAPACITY03,PUBLISHED,2018,WPR,BRN,IHRSPARCAPLEVEL03_C_3_1,No data,,,,
26,IHRSPAR_CAPACITY03,PUBLISHED,2018,SEAR,BTN,IHRSPARCAPLEVEL03_C_3_1,80,80.0,,,
27,IHRSPAR_CAPACITY03,PUBLISHED,2018,AFR,BWA,IHRSPARCAPLEVEL03_C_3_1,20,20.0,,,
28,IHRSPAR_CAPACITY03,PUBLISHED,2018,AFR,CAF,IHRSPARCAPLEVEL03_C_3_1,20,20.0,,,
29,IHRSPAR_CAPACITY03,PUBLISHED,2018,AMR,CAN,IHRSPARCAPLEVEL03_C_3_1,100,100.0,,,
30,IHRSPAR_CAPACITY03,PUBLISHED,2018,EUR,CHE,IHRSPARCAPLEVEL03_C_3_1,Other,,,,
31,IHRSPAR_CAPACITY03,PUBLISHED,2018,AMR,CHL,IHRSPARCAPLEVEL03_C_3_1,100,100.0,,,
32,IHRSPAR_CAPACITY03,PUBLISHED,2018,WPR,CHN,IHRSPARCAPLEVEL03_C_3_1,100,100.0,,,
33,IHRSPAR_CAPACITY03,PUBLISHED,2018,AFR,CIV,IHRSPARCAPLEVEL03_C_3_1,60,60.0,,,
34,IHRSPAR_CAPACITY03,PUBLISHED,2018,AFR,CMR,IHRSPARCAPLEVEL03_C_3_1,60,60.0,,,
35,IHRSPAR_CAPACITY03,PUBLISHED,2018,AFR,COD,IHRSPARCAPLEVEL03_C_3_1,60,60.0,,,
36,IHRSPAR_CAPACITY03,PUBLISHED,2018,AFR,COG,IHRSPARCAPLEVEL03_C_3_1,40,40.0,,,
37,IHRSPAR_CAPACITY03,PUBLISHED,2018,WPR,COK,IHRSPARCAPLEVEL03_C_3_1,20,20.0,,,
38,IHRSPAR_CAPACITY03,PUBLISHED,2018,AMR,COL,IHRSPARCAPLEVEL03_C_3_1,80,80.0,,,
39,IHRSPAR_CAPACITY03,PUBLISHED,2018,AFR,COM,IHRSPARCAPLEVEL03_C_3_1,40,40.0,,,
40,IHRSPAR_CAPACITY03,PUBLISHED,2018,AFR,CPV,IHRSPARCAPLEVEL03_C_3_1,60,60.0,,,
41,IHRSPAR_CAPACITY03,PUBLISHED,2018,AMR,CRI,IHRSPARCAPLEVEL03_C_3_1,60,60.0,,,
42,IHRSPAR_CAPACITY03,PUBLISHED,2018,AMR,CUB,IHRSPARCAPLEVEL03_C_3_1,100,100.0,,,
43,IHRSPAR_CAPACITY03,PUBLISHED,2018,EUR,CYP,IHRSPARCAPLEVEL03_C_3_1,80,80.0,,,
44,IHRSPAR_CAPACITY03,PUBLISHED,2018,EUR,CZE,IHRSPARCAPLEVEL03_C_3_1,80,80.0,,,
45,IHRSPAR_CAPACITY03,PUBLISHED,2018,EUR,DEU,IHRSPARCAPLEVEL03_C_3_1,100,100.0,,,
46,IHRSPAR_CAPACITY03,PUBLISHED,2018,EMR,DJI,IHRSPARCAPLEVEL03_C_3_1,40,40.0,,,
47,IHRSPAR_CAPACITY03,PUBLISHED,2018,AMR,DMA,IHRSPARCAPLEVEL03_C_3_1,80,80.0,,,
48,IHRSPAR_CAPACITY03,PUBLISHED,2018,EUR,DNK,IHRSPARCAPLEVEL03_C_3_1,100,100.0,,,
49,IHRSPAR_CAPACITY03,PUBLISHED,2018,AMR,DOM,IHRSPARCAPLEVEL03_C_3_1,20,20.0,,,
50,IHRSPAR_CAPACITY03,PUBLISHED,2018,AFR,DZA,IHRSPARCAPLEVEL03_C_3_1,80,80.0,,,
51,IHRSPAR_CAPACITY03,PUBLISHED,2018,AMR,ECU,IHRSPARCAPLEVEL03_C_3_1,80,80.0,,,
52,IHRSPAR_CAPACITY03,PUBLISHED,2018,EMR,EGY,IHRSPARCAPLEVEL03_C_3_1,80,80.0,,,
53,IHRSPAR_CAPACITY03,PUBLISHED,2018,AFR,ERI,IHRSPARCAPLEVEL03_C_3_1,20,20.0,,,
54,IHRSPAR_CAPACITY03,PUBLISHED,2018,EUR,ESP,IHRSPARCAPLEVEL03_C_3_1,80,80.0,,,
55,IHRSPAR_CAPACITY03,PUBLISHED,2018,EUR,EST,IHRSPARCAPLEVEL03_C_3_1,80,80.0,,,
56,IHRSPAR_CAPACITY03,PUBLISHED,2018,AFR,ETH,IHRSPARCAPLEVEL03_C_3_1,60,60.0,,,
57,IHRSPAR_CAPACITY03,PUBLISHED,2018,EUR,FIN,IHRSPARCAPLEVEL03_C_3_1,100,100.0,,,
58,IHRSPAR_CAPACITY03,PUBLISHED,2018,WPR,FJI,IHRSPARCAPLEVEL03_C_3_1,60,60.0,,,
59,IHRSPAR_CAPACITY03,PUBLISHED,2018,EUR,FRA,IHRSPARCAPLEVEL03_C_3_1,80,80.0,,,
60,IHRSPAR_CAPACITY03,PUBLISHED,2018,WPR,FSM,IHRSPARCAPLEVEL03_C_3_1,Other,,,,
61,IHRSPAR_CAPACITY03,PUBLISHED,2018,AFR,GAB,IHRSPARCAPLEVEL03_C_3_1,100,100.0,,,
62,IHRSPAR_CAPACITY03,PUBLISHED,2018,EUR,GBR,IHRSPARCAPLEVEL03_C_3_1,100,100.0,,,
63,IHRSPAR_CAPACITY03,PUBLISHED,2018,EUR,GEO,IHRSPARCAPLEVEL03_C_3_1,80,80.0,,,
64,IHRSPAR_CAPACITY03,PUBLISHED,2018,AFR,GHA,IHRSPARCAPLEVEL03_C_3_1,60,60.0,,,
65,IHRSPAR_CAPACITY03,PUBLISHED,2018,AFR,GIN,IHRSPARCAPLEVEL03_C_3_1,80,80.0,,,
66,IHRSPAR_CAPACITY03,PUBLISHED,2018,AFR,GMB,IHRSPARCAPLEVEL03_C_3_1,20,20.0,,,
67,IHRSPAR_CAPACITY03,PUBLISHED,2018,AFR,GNB,IHRSPARCAPLEVEL03_C_3_1,80,80.0,,,
68,IHRSPAR_CAPACITY03,PUBLISHED,2018,AFR,GNQ,IHRSPARCAPLEVEL03_C_3_1,20,20.0,,,
69,IHRSPAR_CAPACITY03,PUBLISHED,2018,EUR,GRC,IHRSPARCAPLEVEL03_C_3_1,No data,,,,
70,IHRSPAR_CAPACITY03,PUBLISHED,2018,AMR,GRD,IHRSPARCAPLEVEL03_C_3_1,No data,,,,
71,IHRSPAR_CAPACITY03,PUBLISHED,2018,AMR,GTM,IHRSPARCAPLEVEL03_C_3_1,60,60.0,,,
72,IHRSPAR_CAPACITY03,PUBLISHED,2018,AMR,GUY,IHRSPARCAPLEVEL03_C_3_1,Other,,,,
73,IHRSPAR_CAPACITY03,PUBLISHED,2018,AMR,HND,IHRSPARCAPLEVEL03_C_3_1,80,80.0,,,
74,IHRSPAR_CAPACITY03,PUBLISHED,2018,EUR,HRV,IHRSPARCAPLEVEL03_C_3_1,80,80.0,,,
75,IHRSPAR_CAPACITY03,PUBLISHED,2018,AMR,HTI,IHRSPARCAPLEVEL03_C_3_1,60,60.0,,,
76,IHRSPAR_CAPACITY03,PUBLISHED,2018,EUR,HUN,IHRSPARCAPLEVEL03_C_3_1,80,80.0,,,
77,IHRSPAR_CAPACITY03,PUBLISHED,2018,SEAR,IDN,IHRSPARCAPLEVEL03_C_3_1,60,60.0,,,
78,IHRSPAR_CAPACITY03,PUBLISHED,2018,SEAR,IND,IHRSPARCAPLEVEL03_C_3_1,60,60.0,,,
79,IHRSPAR_CAPACITY03,PUBLISHED,2018,EUR,IRL,IHRSPARCAPLEVEL03_C_3_1,60,60.0,,,
80,IHRSPAR_CAPACITY03,PUBLISHED,2018,EMR,IRN,IHRSPARCAPLEVEL03_C_3_1,60,60.0,,,
81,IHRSPAR_CAPACITY03,PUBLISHED,2018,EMR,IRQ,IHRSPARCAPLEVEL03_C_3_1,100,100.0,,,
82,IHRSPAR_CAPACITY03,PUBLISHED,2018,EUR,ISL,IHRSPARCAPLEVEL03_C_3_1,80,80.0,,,
83,IHRSPAR_CAPACITY03,PUBLISHED,2018,EUR,ISR,IHRSPARCAPLEVEL03_C_3_1,80,80.0,,,
84,IHRSPAR_CAPACITY03,PUBLISHED,2018,EUR,ITA,IHRSPARCAPLEVEL03_C_3_1,100,100.0,,,
85,IHRSPAR_CAPACITY03,PUBLISHED,2018,AMR,JAM,IHRSPARCAPLEVEL03_C_3_1,80,80.0,,,
86,IHRSPAR_CAPACITY03,PUBLISHED,2018,EMR,JOR,IHRSPARCAPLEVEL03_C_3_1,60,60.0,,,
87,IHRSPAR_CAPACITY03,PUBLISHED,2018,WPR,JPN,IHRSPARCAPLEVEL03_C_3_1,Other,,,,
88,IHRSPAR_CAPACITY03,PUBLISHED,2018,EUR,KAZ,IHRSPARCAPLEVEL03_C_3_1,80,80.0,,,
89,IHRSPAR_CAPACITY03,PUBLISHED,2018,AFR,KEN,IHRSPARCAPLEVEL03_C_3_1,60,60.0,,,
90,IHRSPAR_CAPACITY03,PUBLISHED,2018,EUR,KGZ,IHRSPARCAPLEVEL03_C_3_1,80,80.0,,,
91,IHRSPAR_CAPACITY03,PUBLISHED,2018,WPR,KHM,IHRSPARCAPLEVEL03_C_3_1,60,60.0,,,
92,IHRSPAR_CAPACITY03,PUBLISHED,2018,WPR,KIR,IHRSPARCAPLEVEL03_C_3_1,40,40.0,,,
93,IHRSPAR_CAPACITY03,PUBLISHED,2018,AMR,KNA,IHRSPARCAPLEVEL03_C_3_1,60,60.0,,,
94,IHRSPAR_CAPACITY03,PUBLISHED,2018,WPR,KOR,IHRSPARCAPLEVEL03_C_3_1,100,100.0,,,
95,IHRSPAR_CAPACITY03,PUBLISHED,2018,EMR,KWT,IHRSPARCAPLEVEL03_C_3_1,40,40.0,,,
96,IHRSPAR_CAPACITY03,PUBLISHED,2018,WPR,LAO,IHRSPARCAPLEVEL03_C_3_1,20,20.0,,,
97,IHRSPAR_CAPACITY03,PUBLISHED,2018,EMR,LBN,IHRSPARCAPLEVEL03_C_3_1,80,80.0,,,
98,IHRSPAR_CAPACITY03,PUBLISHED,2018,AFR,LBR,IHRSPARCAPLEVEL03_C_3_1,60,60.0,,,
99,IHRSPAR_CAPACITY03,PUBLISHED,2018,EMR,LBY,IHRSPARCAPLEVEL03_C_3_1,60,60.0,,,
100,IHRSPAR_CAPACITY03,PUBLISHED,2018,AMR,LCA,IHRSPARCAPLEVEL03_C_3_1,80,80.0,,,
101,IHRSPAR_CAPACITY03,PUBLISHED,2018,SEAR,LKA,IHRSPARCAPLEVEL03_C_3_1,20,20.0,,,
102,IHRSPAR_CAPACITY03,PUBLISHED,2018,AFR,LSO,IHRSPARCAPLEVEL03_C_3_1,40,40.0,,,
103,IHRSPAR_CAPACITY03,PUBLISHED,2018,EUR,LTU,IHRSPARCAPLEVEL03_C_3_1,80,80.0,,,
104,IHRSPAR_CAPACITY03,PUBLISHED,2018,EUR,LUX,IHRSPARCAPLEVEL03_C_3_1,80,80.0,,,
105,IHRSPAR_CAPACITY03,PUBLISHED,2018,EUR,LVA,IHRSPARCAPLEVEL03_C_3_1,80,80.0,,,
106,IHRSPAR_CAPACITY03,PUBLISHED,2018,EMR,MAR,IHRSPARCAPLEVEL03_C_3_1,80,80.0,,,
107,IHRSPAR_CAPACITY03,PUBLISHED,2018,EUR,MCO,IHRSPARCAPLEVEL03_C_3_1,100,100.0,,,
108,IHRSPAR_CAPACITY03,PUBLISHED,2018,EUR,MDA,IHRSPARCAPLEVEL03_C_3_1,60,60.0,,,
109,IHRSPAR_CAPACITY03,PUBLISHED,2018,AFR,MDG,IHRSPARCAPLEVEL03_C_3_1,20,20.0,,,
110,IHRSPAR_CAPACITY03,PUBLISHED,2018,SEAR,MDV,IHRSPARCAPLEVEL03_C_3_1,20,20.0,,,
111,IHRSPAR_CAPACITY03,PUBLISHED,2018,AMR,MEX,IHRSPARCAPLEVEL03_C_3_1,80,80.0,,,
112,IHRSPAR_CAPACITY03,PUBLISHED,2018,WPR,MHL,IHRSPARCAPLEVEL03_C_3_1,20,20.0,,,
113,IHRSPAR_CAPACITY03,PUBLISHED,2018,EUR,MKD,IHRSPARCAPLEVEL03_C_3_1,40,40.0,,,
114,IHRSPAR_CAPACITY03,PUBLISHED,2018,AFR,MLI,IHRSPARCAPLEVEL03_C_3_1,80,80.0,,,
115,IHRSPAR_CAPACITY03,PUBLISHED,2018,EUR,MLT,IHRSPARCAPLEVEL03_C_3_1,80,80.0,,,
116,IHRSPAR_CAPACITY03,PUBLISHED,2018,SEAR,MMR,IHRSPARCAPLEVEL03_C_3_1,80,80.0,,,
117,IHRSPAR_CAPACITY03,PUBLISHED,2018,EUR,MNE,IHRSPARCAPLEVEL03_C_3_1,20,20.0,,,
118,IHRSPAR_CAPACITY03,PUBLISHED,2018,WPR,MNG,IHRSPARCAPLEVEL03_C_3_1,100,100.0,,,
119,IHRSPAR_CAPACITY03,PUBLISHED,2018,AFR,MOZ,IHRSPARCAPLEVEL03_C_3_1,60,60.0,,,
120,IHRSPAR_CAPACITY03,PUBLISHED,2018,AFR,MRT,IHRSPARCAPLEVEL03_C_3_1,20,20.0,,,
121,IHRSPAR_CAPACITY03,PUBLISHED,2018,AFR,MUS,IHRSPARCAPLEVEL03_C_3_1,20,20.0,,,
122,IHRSPAR_CAPACITY03,PUBLISHED,2018,AFR,MWI,IHRSPARCAPLEVEL03_C_3_1,60,60.0,,,
123,IHRSPAR_CAPACITY03,PUBLISHED,2018,WPR,MYS,IHRSPARCAPLEVEL03_C_3_1,100,100.0,,,
124,IHRSPAR_CAPACITY03,PUBLISHED,2018,AFR,NAM,IHRSPARCAPLEVEL03_C_3_1,80,80.0,,,
125,IHRSPAR_CAPACITY03,PUBLISHED,2018,AFR,NER,IHRSPARCAPLEVEL03_C_3_1,80,80.0,,,
126,IHRSPAR_CAPACITY03,PUBLISHED,2018,AFR,NGA,IHRSPARCAPLEVEL03_C_3_1,60,60.0,,,
127,IHRSPAR_CAPACITY03,PUBLISHED,2018,AMR,NIC,IHRSPARCAPLEVEL03_C_3_1,60,60.0,,,
128,IHRSPAR_CAPACITY03,PUBLISHED,2018,WPR,NIU,IHRSPARCAPLEVEL03_C_3_1,80,80.0,,,
129,IHRSPAR_CAPACITY03,PUBLISHED,2018,EUR,NLD,IHRSPARCAPLEVEL03_C_3_1,100,100.0,,,
130,IHRSPAR_CAPACITY03,PUBLISHED,2018,EUR,NOR,IHRSPARCAPLEVEL03_C_3_1,100,100.0,,,
131,IHRSPAR_CAPACITY03,PUBLISHED,2018,SEAR,NPL,IHRSPARCAPLEVEL03_C_3_1,20,20.0,,,
132,IHRSPAR_CAPACITY03,PUBLISHED,2018,WPR,NRU,IHRSPARCAPLEVEL03_C_3_1,20,20.0,,,
133,IHRSPAR_CAPACITY03,PUBLISHED,2018,WPR,NZL,IHRSPARCAPLEVEL03_C_3_1,60,60.0,,,
134,IHRSPAR_CAPACITY03,PUBLISHED,2018,EMR,OMN,IHRSPARCAPLEVEL03_C_3_1,100,100.0,,,
135,IHRSPAR_CAPACITY03,PUBLISHED,2018,EMR,PAK,IHRSPARCAPLEVEL03_C_3_1,60,60.0,,,
136,IHRSPAR_CAPACITY03,PUBLISHED,2018,AMR,PAN,IHRSPARCAPLEVEL03_C_3_1,80,80.0,,,
137,IHRSPAR_CAPACITY03,PUBLISHED,2018,AMR,PER,IHRSPARCAPLEVEL03_C_3_1,60,60.0,,,
138,IHRSPAR_CAPACITY03,PUBLISHED,2018,WPR,PHL,IHRSPARCAPLEVEL03_C_3_1,No data,,,,
139,IHRSPAR_CAPACITY03,PUBLISHED,2018,WPR,PLW,IHRSPARCAPLEVEL03_C_3_1,20,20.0,,,
140,IHRSPAR_CAPACITY03,PUBLISHED,2018,WPR,PNG,IHRSPARCAPLEVEL03_C_3_1,20,20.0,,,
141,IHRSPAR_CAPACITY03,PUBLISHED,2018,EUR,POL,IHRSPARCAPLEVEL03_C_3_1,No data,,,,
142,IHRSPAR_CAPACITY03,PUBLISHED,2018,SEAR,PRK,IHRSPARCAPLEVEL03_C_3_1,60,60.0,,,
143,IHRSPAR_CAPACITY03,PUBLISHED,2018,EUR,PRT,IHRSPARCAPLEVEL03_C_3_1,20,20.0,,,
144,IHRSPAR_CAPACITY03,PUBLISHED,2018,AMR,PRY,IHRSPARCAPLEVEL03_C_3_1,80,80.0,,,
145,IHRSPAR_CAPACITY03,PUBLISHED,2018,EMR,QAT,IHRSPARCAPLEVEL03_C_3_1,100,100.0,,,
146,IHRSPAR_CAPACITY03,PUBLISHED,2018,EUR,ROU,IHRSPARCAPLEVEL03_C_3_1,20,20.0,,,
147,IHRSPAR_CAPACITY03,PUBLISHED,2018,EUR,RUS,IHRSPARCAPLEVEL03_C_3_1,100,100.0,,,
148,IHRSPAR_CAPACITY03,PUBLISHED,2018,AFR,RWA,IHRSPARCAPLEVEL03_C_3_1,80,80.0,,,
149,IHRSPAR_CAPACITY03,PUBLISHED,2018,EMR,SAU,IHRSPARCAPLEVEL03_C_3_1,40,40.0,,,
150,IHRSPAR_CAPACITY03,PUBLISHED,2018,EMR,SDN,IHRSPARCAPLEVEL03_C_3_1,80,80.0,,,
151,IHRSPAR_CAPACITY03,PUBLISHED,2018,AFR,SEN,IHRSPARCAPLEVEL03_C_3_1,60,60.0,,,
152,IHRSPAR_CAPACITY03,PUBLISHED,2018,WPR,SGP,IHRSPARCAPLEVEL03_C_3_1,80,80.0,,,
153,IHRSPAR_CAPACITY03,PUBLISHED,2018,WPR,SLB,IHRSPARCAPLEVEL03_C_3_1,20,20.0,,,
154,IHRSPAR_CAPACITY03,PUBLISHED,2018,AFR,SLE,IHRSPARCAPLEVEL03_C_3_1,20,20.0,,,
155,IHRSPAR_CAPACITY03,PUBLISHED,2018,AMR,SLV,IHRSPARCAPLEVEL03_C_3_1,100,100.0,,,
156,IHRSPAR_CAPACITY03,PUBLISHED,2018,EUR,SMR,IHRSPARCAPLEVEL03_C_3_1,20,20.0,,,
157,IHRSPAR_CAPACITY03,PUBLISHED,2018,EMR,SOM,IHRSPARCAPLEVEL03_C_3_1,60,60.0,,,
158,IHRSPAR_CAPACITY03,PUBLISHED,2018,EUR,SRB,IHRSPARCAPLEVEL03_C_3_1,80,80.0,,,
159,IHRSPAR_CAPACITY03,PUBLISHED,2018,AFR,SSD,IHRSPARCAPLEVEL03_C_3_1,60,60.0,,,
160,IHRSPAR_CAPACITY03,PUBLISHED,2018,AFR,STP,IHRSPARCAPLEVEL03_C_3_1,60,60.0,,,
161,IHRSPAR_CAPACITY03,PUBLISHED,2018,AMR,SUR,IHRSPARCAPLEVEL03_C_3_1,80,80.0,,,
162,IHRSPAR_CAPACITY03,PUBLISHED,2018,EUR,SVK,IHRSPARCAPLEVEL03_C_3_1,60,60.0,,,
163,IHRSPAR_CAPACITY03,PUBLISHED,2018,EUR,SVN,IHRSPARCAPLEVEL03_C_3_1,80,80.0,,,
164,IHRSPAR_CAPACITY03,PUBLISHED,2018,EUR,SWE,IHRSPARCAPLEVEL03_C_3_1,100,100.0,,,
165,IHRSPAR_CAPACITY03,PUBLISHED,2018,AFR,SWZ,IHRSPARCAPLEVEL03_C_3_1,20,20.0,,,
166,IHRSPAR_CAPACITY03,PUBLISHED,2018,AFR,SYC,IHRSPARCAPLEVEL03_C_3_1,60,60.0,,,
167,IHRSPAR_CAPACITY03,PUBLISHED,2018,EMR,SYR,IHRSPARCAPLEVEL03_C_3_1,80,80.0,,,
168,IHRSPAR_CAPACITY03,PUBLISHED,2018,AFR,TCD,IHRSPARCAPLEVEL03_C_3_1,20,20.0,,,
169,IHRSPAR_CAPACITY03,PUBLISHED,2018,AFR,TGO,IHRSPARCAPLEVEL03_C_3_1,20,20.0,,,
170,IHRSPAR_CAPACITY03,PUBLISHED,2018,SEAR,THA,IHRSPARCAPLEVEL03_C_3_1,100,100.0,,,
171,IHRSPAR_CAPACITY03,PUBLISHED,2018,EUR,TJK,IHRSPARCAPLEVEL03_C_3_1,80,80.0,,,
172,IHRSPAR_CAPACITY03,PUBLISHED,2018,EUR,TKM,IHRSPARCAPLEVEL03_C_3_1,100,100.0,,,
173,IHRSPAR_CAPACITY03,PUBLISHED,2018,SEAR,TLS,IHRSPARCAPLEVEL03_C_3_1,20,20.0,,,
174,IHRSPAR_CAPACITY03,PUBLISHED,2018,WPR,TON,IHRSPARCAPLEVEL03_C_3_1,20,20.0,,,
175,IHRSPAR_CAPACITY03,PUBLISHED,2018,AMR,TTO,IHRSPARCAPLEVEL03_C_3_1,20,20.0,,,
176,IHRSPAR_CAPACITY03,PUBLISHED,2018,EMR,TUN,IHRSPARCAPLEVEL03_C_3_1,80,80.0,,,
177,IHRSPAR_CAPACITY03,PUBLISHED,2018,EUR,TUR,IHRSPARCAPLEVEL03_C_3_1,80,80.0,,,
178,IHRSPAR_CAPACITY03,PUBLISHED,2018,WPR,TUV,IHRSPARCAPLEVEL03_C_3_1,20,20.0,,,
179,IHRSPAR_CAPACITY03,PUBLISHED,2018,AFR,TZA,IHRSPARCAPLEVEL03_C_3_1,60,60.0,,,
180,IHRSPAR_CAPACITY03,PUBLISHED,2018,AFR,UGA,IHRSPARCAPLEVEL03_C_3_1,40,40.0,,,
181,IHRSPAR_CAPACITY03,PUBLISHED,2018,EUR,UKR,IHRSPARCAPLEVEL03_C_3_1,80,80.0,,,
182,IHRSPAR_CAPACITY03,PUBLISHED,2018,AMR,URY,IHRSPARCAPLEVEL03_C_3_1,80,80.0,,,
183,IHRSPAR_CAPACITY03,PUBLISHED,2018,AMR,USA,IHRSPARCAPLEVEL03_C_3_1,80,80.0,,,
184,IHRSPAR_CAPACITY03,PUBLISHED,2018,EUR,UZB,IHRSPARCAPLEVEL03_C_3_1,60,60.0,,,
185,IHRSPAR_CAPACITY03,PUBLISHED,2018,AMR,VCT,IHRSPARCAPLEVEL03_C_3_1,20,20.0,,,
186,IHRSPAR_CAPACITY03,PUBLISHED,2018,AMR,VEN,IHRSPARCAPLEVEL03_C_3_1,80,80.0,,,
187,IHRSPAR_CAPACITY03,PUBLISHED,2018,WPR,VNM,IHRSPARCAPLEVEL03_C_3_1,60,60.0,,,
188,IHRSPAR_CAPACITY03,PUBLISHED,2018,WPR,VUT,IHRSPARCAPLEVEL03_C_3_1,20,20.0,,,
189,IHRSPAR_CAPACITY03,PUBLISHED,2018,WPR,WSM,IHRSPARCAPLEVEL03_C_3_1,20,20.0,,,
190,IHRSPAR_CAPACITY03,PUBLISHED,2018,EMR,YEM,IHRSPARCAPLEVEL03_C_3_1,80,80.0,,,
191,IHRSPAR_CAPACITY03,PUBLISHED,2018,AFR,ZAF,IHRSPARCAPLEVEL03_C_3_1,100,100.0,,,
192,IHRSPAR_CAPACITY03,PUBLISHED,2018,AFR,ZMB,IHRSPARCAPLEVEL03_C_3_1,20,20.0,,,
193,IHRSPAR_CAPACITY03,PUBLISHED,2018,AFR,ZWE,IHRSPARCAPLEVEL03_C_3_1,80,80.0,,,
194,IHRSPAR_CAPACITY03,PUBLISHED,2018,EMR,AFG,IHRSPARCAPLEVEL03_LEVEL_C3,80,80.0,,,
195,IHRSPAR_CAPACITY03,PUBLISHED,2018,AFR,AGO,IHRSPARCAPLEVEL03_LEVEL_C3,80,80.0,,,
196,IHRSPAR_CAPACITY03,PUBLISHED,2018,EUR,ALB,IHRSPARCAPLEVEL03_LEVEL_C3,No data,,,,
197,IHRSPAR_CAPACITY03,PUBLISHED,2018,EUR,AND,IHRSPARCAPLEVEL03_LEVEL_C3,60,60.0,,,
198,IHRSPAR_CAPACITY03,PUBLISHED,2018,EMR,ARE,IHRSPARCAPLEVEL03_LEVEL_C3,100,100.0,,,
199,IHRSPAR_CAPACITY03,PUBLISHED,2018,AMR,ARG,IHRSPARCAPLEVEL03_LEVEL_C3,60,60.0,,,
200,IHRSPAR_CAPACITY03,PUBLISHED,2018,EUR,ARM,IHRSPARCAPLEVEL03_LEVEL_C3,100,100.0,,,
201,IHRSPAR_CAPACITY03,PUBLISHED,2018,AMR,ATG,IHRSPARCAPLEVEL03_LEVEL_C3,20,20.0,,,
202,IHRSPAR_CAPACITY03,PUBLISHED,2018,WPR,AUS,IHRSPARCAPLEVEL03_LEVEL_C3,20,20.0,,,
203,IHRSPAR_CAPACITY03,PUBLISHED,2018,EUR,AUT,IHRSPARCAPLEVEL03_LEVEL_C3,100,100.0,,,
204,IHRSPAR_CAPACITY03,PUBLISHED,2018,EUR,AZE,IHRSPARCAPLEVEL03_LEVEL_C3,80,80.0,,,
205,IHRSPAR_CAPACITY03,PUBLISHED,2018,AFR,BDI,IHRSPARCAPLEVEL03_LEVEL_C3,20,20.0,,,
206,IHRSPAR_CAPACITY03,PUBLISHED,2018,EUR,BEL,IHRSPARCAPLEVEL03_LEVEL_C3,100,100.0,,,
207,IHRSPAR_CAPACITY03,PUBLISHED,2018,AFR,BEN,IHRSPARCAPLEVEL03_LEVEL_C3,20,20.0,,,
208,IHRSPAR_CAPACITY03,PUBLISHED,2018,AFR,BFA,IHRSPARCAPLEVEL03_LEVEL_C3,40,40.0,,,
209,IHRSPAR_CAPACITY03,PUBLISHED,2018,SEAR,BGD,IHRSPARCAPLEVEL03_LEVEL_C3,80,80.0,,,
210,IHRSPAR_CAPACITY03,PUBLISHED,2018,EUR,BGR,IHRSPARCAPLEVEL03_LEVEL_C3,80,80.0,,,
211,IHRSPAR_CAPACITY03,PUBLISHED,2018,EMR,BHR,IHRSPARCAPLEVEL03_LEVEL_C3,100,100.0,,,
212,IHRSPAR_CAPACITY03,PUBLISHED,2018,AMR,BHS,IHRSPARCAPLEVEL03_LEVEL_C3,0,0.0,,,
213,IHRSPAR_CAPACITY03,PUBLISHED,2018,EUR,BIH,IHRSPARCAPLEVEL03_LEVEL_C3,20,20.0,,,
214,IHRSPAR_CAPACITY03,PUBLISHED,2018,EUR,BLR,IHRSPARCAPLEVEL03_LEVEL_C3,No data,,,,
215,IHRSPAR_CAPACITY03,PUBLISHED,2018,AMR,BLZ,IHRSPARCAPLEVEL03_LEVEL_C3,20,20.0,,,
216,IHRSPAR_CAPACITY03,PUBLISHED,2018,AMR,BOL,IHRSPARCAPLEVEL03_LEVEL_C3,No data,,,,
217,IHRSPAR_CAPACITY03,PUBLISHED,2018,AMR,BRA,IHRSPARCAPLEVEL03_LEVEL_C3,80,80.0,,,
218,IHRSPAR_CAPACITY03,PUBLISHED,2018,AMR,BRB,IHRSPARCAPLEVEL03_LEVEL_C3,No data,,,,
219,IHRSPAR_CAPACITY03,PUBLISHED,2018,WPR,BRN,IHRSPARCAPLEVEL03_LEVEL_C3,No data,,,,
220,IHRSPAR_CAPACITY03,PUBLISHED,2018,SEAR,BTN,IHRSPARCAPLEVEL03_LEVEL_C3,80,80.0,,,
221,IHRSPAR_CAPACITY03,PUBLISHED,2018,AFR,BWA,IHRSPARCAPLEVEL03_LEVEL_C3,20,20.0,,,
222,IHRSPAR_CAPACITY03,PUBLISHED,2018,AFR,CAF,IHRSPARCAPLEVEL03_LEVEL_C3,20,20.0,,,
223,IHRSPAR_CAPACITY03,PUBLISHED,2018,AMR,CAN,IHRSPARCAPLEVEL03_LEVEL_C3,100,100.0,,,
224,IHRSPAR_CAPACITY03,PUBLISHED,2018,EUR,CHE,IHRSPARCAPLEVEL03_LEVEL_C3,No data,,,,
225,IHRSPAR_CAPACITY03,PUBLISHED,2018,AMR,CHL,IHRSPARCAPLEVEL03_LEVEL_C3,100,100.0,,,
226,IHRSPAR_CAPACITY03,PUBLISHED,2018,WPR,CHN,IHRSPARCAPLEVEL03_LEVEL_C3,100,100.0,,,
227,IHRSPAR_CAPACITY03,PUBLISHED,2018,AFR,CIV,IHRSPARCAPLEVEL03_LEVEL_C3,60,60.0,,,
228,IHRSPAR_CAPACITY03,PUBLISHED,2018,AFR,CMR,IHRSPARCAPLEVEL03_LEVEL_C3,60,60.0,,,
229,IHRSPAR_CAPACITY03,PUBLISHED,2018,AFR,COD,IHRSPARCAPLEVEL03_LEVEL_C3,60,60.0,,,
230,IHRSPAR_CAPACITY03,PUBLISHED,2018,AFR,COG,IHRSPARCAPLEVEL03_LEVEL_C3,40,40.0,,,
231,IHRSPAR_CAPACITY03,PUBLISHED,2018,WPR,COK,IHRSPARCAPLEVEL03_LEVEL_C3,20,20.0,,,
232,IHRSPAR_CAPACITY03,PUBLISHED,2018,AMR,COL,IHRSPARCAPLEVEL03_LEVEL_C3,80,80.0,,,
233,IHRSPAR_CAPACITY03,PUBLISHED,2018,AFR,COM,IHRSPARCAPLEVEL03_LEVEL_C3,40,40.0,,,
234,IHRSPAR_CAPACITY03,PUBLISHED,2018,AFR,CPV,IHRSPARCAPLEVEL03_LEVEL_C3,60,60.0,,,
235,IHRSPAR_CAPACITY03,PUBLISHED,2018,AMR,CRI,IHRSPARCAPLEVEL03_LEVEL_C3,60,60.0,,,
236,IHRSPAR_CAPACITY03,PUBLISHED,2018,EUR,CYP,IHRSPARCAPLEVEL03_LEVEL_C3,80,80.0,,,
237,IHRSPAR_CAPACITY03,PUBLISHED,2018,EUR,CZE,IHRSPARCAPLEVEL03_LEVEL_C3,80,80.0,,,
238,IHRSPAR_CAPACITY03,PUBLISHED,2018,EUR,DEU,IHRSPARCAPLEVEL03_LEVEL_C3,100,100.0,,,
239,IHRSPAR_CAPACITY03,PUBLISHED,2018,EMR,DJI,IHRSPARCAPLEVEL03_LEVEL_C3,40,40.0,,,
240,IHRSPAR_CAPACITY03,PUBLISHED,2018,AMR,DMA,IHRSPARCAPLEVEL03_LEVEL_C3,80,80.0,,,
241,IHRSPAR_CAPACITY03,PUBLISHED,2018,EUR,DNK,IHRSPARCAPLEVEL03_LEVEL_C3,100,100.0,,,
242,IHRSPAR_CAPACITY03,PUBLISHED,2018,AMR,DOM,IHRSPARCAPLEVEL03_LEVEL_C3,20,20.0,,,
243,IHRSPAR_CAPACITY03,PUBLISHED,2018,AFR,DZA,IHRSPARCAPLEVEL03_LEVEL_C3,80,80.0,,,
244,IHRSPAR_CAPACITY03,PUBLISHED,2018,AMR,ECU,IHRSPARCAPLEVEL03_LEVEL_C3,80,80.0,,,
245,IHRSPAR_CAPACITY03,PUBLISHED,2018,EMR,EGY,IHRSPARCAPLEVEL03_LEVEL_C3,80,80.0,,,
246,IHRSPAR_CAPACITY03,PUBLISHED,2018,AFR,ERI,IHRSPARCAPLEVEL03_LEVEL_C3,20,20.0,,,
247,IHRSPAR_CAPACITY03,PUBLISHED,2018,EUR,ESP,IHRSPARCAPLEVEL03_LEVEL_C3,80,80.0,,,
248,IHRSPAR_CAPACITY03,PUBLISHED,2018,EUR,EST,IHRSPARCAPLEVEL03_LEVEL_C3,80,80.0,,,
249,IHRSPAR_CAPACITY03,PUBLISHED,2018,AFR,ETH,IHRSPARCAPLEVEL03_LEVEL_C3,60,60.0,,,
250,IHRSPAR_CAPACITY03,PUBLISHED,2018,EUR,FIN,IHRSPARCAPLEVEL03_LEVEL_C3,100,100.0,,,
251,IHRSPAR_CAPACITY03,PUBLISHED,2018,WPR,FJI,IHRSPARCAPLEVEL03_LEVEL_C3,60,60.0,,,
252,IHRSPAR_CAPACITY03,PUBLISHED,2018,EUR,FRA,IHRSPARCAPLEVEL03_LEVEL_C3,80,80.0,,,
253,IHRSPAR_CAPACITY03,PUBLISHED,2018,WPR,FSM,IHRSPARCAPLEVEL03_LEVEL_C3,No data,,,,
254,IHRSPAR_CAPACITY03,PUBLISHED,2018,AFR,GAB,IHRSPARCAPLEVEL03_LEVEL_C3,100,100.0,,,
255,IHRSPAR_CAPACITY03,PUBLISHED,2018,EUR,GBR,IHRSPARCAPLEVEL03_LEVEL_C3,100,100.0,,,
256,IHRSPAR_CAPACITY03,PUBLISHED,2018,EUR,GEO,IHRSPARCAPLEVEL03_LEVEL_C3,80,80.0,,,
257,IHRSPAR_CAPACITY03,PUBLISHED,2018,AFR,GHA,IHRSPARCAPLEVEL03_LEVEL_C3,60,60.0,,,
258,IHRSPAR_CAPACITY03,PUBLISHED,2018,AFR,GIN,IHRSPARCAPLEVEL03_LEVEL_C3,80,80.0,,,
259,IHRSPAR_CAPACITY03,PUBLISHED,2018,AFR,GMB,IHRSPARCAPLEVEL03_LEVEL_C3,20,20.0,,,
260,IHRSPAR_CAPACITY03,PUBLISHED,2018,AFR,GNB,IHRSPARCAPLEVEL03_LEVEL_C3,80,80.0,,,
261,IHRSPAR_CAPACITY03,PUBLISHED,2018,AFR,GNQ,IHRSPARCAPLEVEL03_LEVEL_C3,20,20.0,,,
262,IHRSPAR_CAPACITY03,PUBLISHED,2018,EUR,GRC,IHRSPARCAPLEVEL03_LEVEL_C3,No data,,,,
263,IHRSPAR_CAPACITY03,PUBLISHED,2018,AMR,GRD,IHRSPARCAPLEVEL03_LEVEL_C3,No data,,,,
264,IHRSPAR_CAPACITY03,PUBLISHED,2018,AMR,GUY,IHRSPARCAPLEVEL03_LEVEL_C3,No data,,,,
265,IHRSPAR_CAPACITY03,PUBLISHED,2018,AMR,HND,IHRSPARCAPLEVEL03_LEVEL_C3,80,80.0,,,
266,IHRSPAR_CAPACITY03,PUBLISHED,2018,EUR,HRV,IHRSPARCAPLEVEL03_LEVEL_C3,80,80.0,,,
267,IHRSPAR_CAPACITY03,PUBLISHED,2018,AMR,HTI,IHRSPARCAPLEVEL03_LEVEL_C3,60,60.0,,,
268,IHRSPAR_CAPACITY03,PUBLISHED,2018,EUR,HUN,IHRSPARCAPLEVEL03_LEVEL_C3,80,80.0,,,
269,IHRSPAR_CAPACITY03,PUBLISHED,2018,SEAR,IDN,IHRSPARCAPLEVEL03_LEVEL_C3,60,60.0,,,
270,IHRSPAR_CAPACITY03,PUBLISHED,2018,SEAR,IND,IHRSPARCAPLEVEL03_LEVEL_C3,60,60.0,,,
271,IHRSPAR_CAPACITY03,PUBLISHED,2018,EUR,IRL,IHRSPARCAPLEVEL03_LEVEL_C3,60,60.0,,,
272,IHRSPAR_CAPACITY03,PUBLISHED,2018,EMR,IRN,IHRSPARCAPLEVEL03_LEVEL_C3,60,60.0,,,
273,IHRSPAR_CAPACITY03,PUBLISHED,2018,EMR,IRQ,IHRSPARCAPLEVEL03_LEVEL_C3,100,100.0,,,
274,IHRSPAR_CAPACITY03,PUBLISHED,2018,EUR,ISL,IHRSPARCAPLEVEL03_LEVEL_C3,80,80.0,,,
275,IHRSPAR_CAPACITY03,PUBLISHED,2018,EUR,ISR,IHRSPARCAPLEVEL03_LEVEL_C3,80,80.0,,,
276,IHRSPAR_CAPACITY03,PUBLISHED,2018,EUR,ITA,IHRSPARCAPLEVEL03_LEVEL_C3,100,100.0,,,
277,IHRSPAR_CAPACITY03,PUBLISHED,2018,AMR,JAM,IHRSPARCAPLEVEL03_LEVEL_C3,80,80.0,,,
278,IHRSPAR_CAPACITY03,PUBLISHED,2018,EMR,JOR,IHRSPARCAPLEVEL03_LEVEL_C3,60,60.0,,,
279,IHRSPAR_CAPACITY03,PUBLISHED,2018,WPR,JPN,IHRSPARCAPLEVEL03_LEVEL_C3,No data,,,,
280,IHRSPAR_CAPACITY03,PUBLISHED,2018,EUR,KAZ,IHRSPARCAPLEVEL03_LEVEL_C3,80,80.0,,,
281,IHRSPAR_CAPACITY03,PUBLISHED,2018,AFR,KEN,IHRSPARCAPLEVEL03_LEVEL_C3,60,60.0,,,
282,IHRSPAR_CAPACITY03,PUBLISHED,2018,EUR,KGZ,IHRSPARCAPLEVEL03_LEVEL_C3,80,80.0,,,
283,IHRSPAR_CAPACITY03,PUBLISHED,2018,WPR,KHM,IHRSPARCAPLEVEL03_LEVEL_C3,60,60.0,,,
284,IHRSPAR_CAPACITY03,PUBLISHED,2018,WPR,KIR,IHRSPARCAPLEVEL03_LEVEL_C3,40,40.0,,,
285,IHRSPAR_CAPACITY03,PUBLISHED,2018,AMR,KNA,IHRSPARCAPLEVEL03_LEVEL_C3,60,60.0,,,
286,IHRSPAR_CAPACITY03,PUBLISHED,2018,WPR,KOR,IHRSPARCAPLEVEL03_LEVEL_C3,100,100.0,,,
287,IHRSPAR_CAPACITY03,PUBLISHED,2018,EMR,KWT,IHRSPARCAPLEVEL03_LEVEL_C3,40,40.0,,,
288,IHRSPAR_CAPACITY03,PUBLISHED,2018,WPR,LAO,IHRSPARCAPLEVEL03_LEVEL_C3,20,20.0,,,
289,IHRSPAR_CAPACITY03,PUBLISHED,2018,EMR,LBN,IHRSPARCAPLEVEL03_LEVEL_C3,80,80.0,,,
290,IHRSPAR_CAPACITY03,PUBLISHED,2018,AFR,LBR,IHRSPARCAPLEVEL03_LEVEL_C3,60,60.0,,,
291,IHRSPAR_CAPACITY03,PUBLISHED,2018,EMR,LBY,IHRSPARCAPLEVEL03_LEVEL_C3,60,60.0,,,
292,IHRSPAR_CAPACITY03,PUBLISHED,2018,AMR,LCA,IHRSPARCAPLEVEL03_LEVEL_C3,80,80.0,,,
293,IHRSPAR_CAPACITY03,PUBLISHED,2018,SEAR,LKA,IHRSPARCAPLEVEL03_LEVEL_C3,20,20.0,,,
294,IHRSPAR_CAPACITY03,PUBLISHED,2018,AFR,LSO,IHRSPARCAPLEVEL03_LEVEL_C3,40,40.0,,,
295,IHRSPAR_CAPACITY03,PUBLISHED,2018,EUR,LTU,IHRSPARCAPLEVEL03_LEVEL_C3,80,80.0,,,
296,IHRSPAR_CAPACITY03,PUBLISHED,2018,EUR,LUX,IHRSPARCAPLEVEL03_LEVEL_C3,80,80.0,,,
297,IHRSPAR_CAPACITY03,PUBLISHED,2018,EUR,LVA,IHRSPARCAPLEVEL03_LEVEL_C3,80,80.0,,,
298,IHRSPAR_CAPACITY03,PUBLISHED,2018,EMR,MAR,IHRSPARCAPLEVEL03_LEVEL_C3,80,80.0,,,
299,IHRSPAR_CAPACITY03,PUBLISHED,2018,EUR,MCO,IHRSPARCAPLEVEL03_LEVEL_C3,100,100.0,,,
300,IHRSPAR_CAPACITY03,PUBLISHED,2018,EUR,MDA,IHRSPARCAPLEVEL03_LEVEL_C3,60,60.0,,,
301,IHRSPAR_CAPACITY03,PUBLISHED,2018,AFR,MDG,IHRSPARCAPLEVEL03_LEVEL_C3,20,20.0,,,
302,IHRSPAR_CAPACITY03,PUBLISHED,2018,SEAR,MDV,IHRSPARCAPLEVEL03_LEVEL_C3,20,20.0,,,
303,IHRSPAR_CAPACITY03,PUBLISHED,2018,AMR,MEX,IHRSPARCAPLEVEL03_LEVEL_C3,80,80.0,,,
304,IHRSPAR_CAPACITY03,PUBLISHED,2018,WPR,MHL,IHRSPARCAPLEVEL03_LEVEL_C3,20,20.0,,,
305,IHRSPAR_CAPACITY03,PUBLISHED,2018,EUR,MKD,IHRSPARCAPLEVEL03_LEVEL_C3,40,40.0,,,
306,IHRSPAR_CAPACITY03,PUBLISHED,2018,AFR,MLI,IHRSPARCAPLEVEL03_LEVEL_C3,80,80.0,,,
307,IHRSPAR_CAPACITY03,PUBLISHED,2018,EUR,MLT,IHRSPARCAPLEVEL03_LEVEL_C3,80,80.0,,,
308,IHRSPAR_CAPACITY03,PUBLISHED,2018,SEAR,MMR,IHRSPARCAPLEVEL03_LEVEL_C3,80,80.0,,,
309,IHRSPAR_CAPACITY03,PUBLISHED,2018,EUR,MNE,IHRSPARCAPLEVEL03_LEVEL_C3,20,20.0,,,
310,IHRSPAR_CAPACITY03,PUBLISHED,2018,WPR,MNG,IHRSPARCAPLEVEL03_LEVEL_C3,100,100.0,,,
311,IHRSPAR_CAPACITY03,PUBLISHED,2018,AFR,MOZ,IHRSPARCAPLEVEL03_LEVEL_C3,60,60.0,,,
312,IHRSPAR_CAPACITY03,PUBLISHED,2018,AFR,MRT,IHRSPARCAPLEVEL03_LEVEL_C3,20,20.0,,,
313,IHRSPAR_CAPACITY03,PUBLISHED,2018,AFR,MUS,IHRSPARCAPLEVEL03_LEVEL_C3,20,20.0,,,
314,IHRSPAR_CAPACITY03,PUBLISHED,2018,AFR,MWI,IHRSPARCAPLEVEL03_LEVEL_C3,60,60.0,,,
315,IHRSPAR_CAPACITY03,PUBLISHED,2018,WPR,MYS,IHRSPARCAPLEVEL03_LEVEL_C3,100,100.0,,,
316,IHRSPAR_CAPACITY03,PUBLISHED,2018,AFR,NAM,IHRSPARCAPLEVEL03_LEVEL_C3,80,80.0,,,
317,IHRSPAR_CAPACITY03,PUBLISHED,2018,AFR,NER,IHRSPARCAPLEVEL03_LEVEL_C3,80,80.0,,,
318,IHRSPAR_CAPACITY03,PUBLISHED,2018,AFR,NGA,IHRSPARCAPLEVEL03_LEVEL_C3,60,60.0,,,
319,IHRSPAR_CAPACITY03,PUBLISHED,2018,AMR,NIC,IHRSPARCAPLEVEL03_LEVEL_C3,60,60.0,,,
320,IHRSPAR_CAPACITY03,PUBLISHED,2018,WPR,NIU,IHRSPARCAPLEVEL03_LEVEL_C3,80,80.0,,,
321,IHRSPAR_CAPACITY03,PUBLISHED,2018,EUR,NLD,IHRSPARCAPLEVEL03_LEVEL_C3,100,100.0,,,
322,IHRSPAR_CAPACITY03,PUBLISHED,2018,EUR,NOR,IHRSPARCAPLEVEL03_LEVEL_C3,100,100.0,,,
323,IHRSPAR_CAPACITY03,PUBLISHED,2018,SEAR,NPL,IHRSPARCAPLEVEL03_LEVEL_C3,20,20.0,,,
324,IHRSPAR_CAPACITY03,PUBLISHED,2018,WPR,NRU,IHRSPARCAPLEVEL03_LEVEL_C3,20,20.0,,,
325,IHRSPAR_CAPACITY03,PUBLISHED,2018,WPR,NZL,IHRSPARCAPLEVEL03_LEVEL_C3,60,60.0,,,
326,IHRSPAR_CAPACITY03,PUBLISHED,2018,EMR,OMN,IHRSPARCAPLEVEL03_LEVEL_C3,100,100.0,,,
327,IHRSPAR_CAPACITY03,PUBLISHED,2018,EMR,PAK,IHRSPARCAPLEVEL03_LEVEL_C3,60,60.0,,,
328,IHRSPAR_CAPACITY03,PUBLISHED,2018,AMR,PAN,IHRSPARCAPLEVEL03_LEVEL_C3,80,80.0,,,
329,IHRSPAR_CAPACITY03,PUBLISHED,2018,AMR,PER,IHRSPARCAPLEVEL03_LEVEL_C3,60,60.0,,,
330,IHRSPAR_CAPACITY03,PUBLISHED,2018,WPR,PHL,IHRSPARCAPLEVEL03_LEVEL_C3,No data,,,,
331,IHRSPAR_CAPACITY03,PUBLISHED,2018,WPR,PLW,IHRSPARCAPLEVEL03_LEVEL_C3,20,20.0,,,
332,IHRSPAR_CAPACITY03,PUBLISHED,2018,WPR,PNG,IHRSPARCAPLEVEL03_LEVEL_C3,20,20.0,,,
333,IHRSPAR_CAPACITY03,PUBLISHED,2018,EUR,POL,IHRSPARCAPLEVEL03_LEVEL_C3,No data,,,,
334,IHRSPAR_CAPACITY03,PUBLISHED,2018,SEAR,PRK,IHRSPARCAPLEVEL03_LEVEL_C3,60,60.0,,,
335,IHRSPAR_CAPACITY03,PUBLISHED,2018,EUR,PRT,IHRSPARCAPLEVEL03_LEVEL_C3,20,20.0,,,
336,IHRSPAR_CAPACITY03,PUBLISHED,2018,AMR,PRY,IHRSPARCAPLEVEL03_LEVEL_C3,80,80.0,,,
337,IHRSPAR_CAPACITY03,PUBLISHED,2018,EMR,QAT,IHRSPARCAPLEVEL03_LEVEL_C3,100,100.0,,,
338,IHRSPAR_CAPACITY03,PUBLISHED,2018,EUR,ROU,IHRSPARCAPLEVEL03_LEVEL_C3,20,20.0,,,
339,IHRSPAR_CAPACITY03,PUBLISHED,2018,EUR,RUS,IHRSPARCAPLEVEL03_LEVEL_C3,100,100.0,,,
340,IHRSPAR_CAPACITY03,PUBLISHED,2018,AFR,RWA,IHRSPARCAPLEVEL03_LEVEL_C3,80,80.0,,,
341,IHRSPAR_CAPACITY03,PUBLISHED,2018,EMR,SAU,IHRSPARCAPLEVEL03_LEVEL_C3,40,40.0,,,
342,IHRSPAR_CAPACITY03,PUBLISHED,2018,EMR,SDN,IHRSPARCAPLEVEL03_LEVEL_C3,80,80.0,,,
343,IHRSPAR_CAPACITY03,PUBLISHED,2018,AFR,SEN,IHRSPARCAPLEVEL03_LEVEL_C3,60,60.0,,,
344,IHRSPAR_CAPACITY03,PUBLISHED,2018,WPR,SGP,IHRSPARCAPLEVEL03_LEVEL_C3,80,80.0,,,
345,IHRSPAR_CAPACITY03,PUBLISHED,2018,WPR,SLB,IHRSPARCAPLEVEL03_LEVEL_C3,20,20.0,,,
346,IHRSPAR_CAPACITY03,PUBLISHED,2018,AFR,SLE,IHRSPARCAPLEVEL03_LEVEL_C3,20,20.0,,,
347,IHRSPAR_CAPACITY03,PUBLISHED,2018,AMR,SLV,IHRSPARCAPLEVEL03_LEVEL_C3,100,100.0,,,
348,IHRSPAR_CAPACITY03,PUBLISHED,2018,EUR,SMR,IHRSPARCAPLEVEL03_LEVEL_C3,20,20.0,,,
349,IHRSPAR_CAPACITY03,PUBLISHED,2018,EMR,SOM,IHRSPARCAPLEVEL03_LEVEL_C3,60,60.0,,,
350,IHRSPAR_CAPACITY03,PUBLISHED,2018,EUR,SRB,IHRSPARCAPLEVEL03_LEVEL_C3,80,80.0,,,
351,IHRSPAR_CAPACITY03,PUBLISHED,2018,AFR,SSD,IHRSPARCAPLEVEL03_LEVEL_C3,60,60.0,,,
352,IHRSPAR_CAPACITY03,PUBLISHED,2018,AFR,STP,IHRSPARCAPLEVEL03_LEVEL_C3,60,60.0,,,
353,IHRSPAR_CAPACITY03,PUBLISHED,2018,AMR,SUR,IHRSPARCAPLEVEL03_LEVEL_C3,80,80.0,,,
354,IHRSPAR_CAPACITY03,PUBLISHED,2018,EUR,SVK,IHRSPARCAPLEVEL03_LEVEL_C3,60,60.0,,,
355,IHRSPAR_CAPACITY03,PUBLISHED,2018,EUR,SVN,IHRSPARCAPLEVEL03_LEVEL_C3,80,80.0,,,
356,IHRSPAR_CAPACITY03,PUBLISHED,2018,EUR,SWE,IHRSPARCAPLEVEL03_LEVEL_C3,100,100.0,,,
357,IHRSPAR_CAPACITY03,PUBLISHED,2018,AFR,SWZ,IHRSPARCAPLEVEL03_LEVEL_C3,20,20.0,,,
358,IHRSPAR_CAPACITY03,PUBLISHED,2018,AFR,SYC,IHRSPARCAPLEVEL03_LEVEL_C3,60,60.0,,,
359,IHRSPAR_CAPACITY03,PUBLISHED,2018,EMR,SYR,IHRSPARCAPLEVEL03_LEVEL_C3,80,80.0,,,
360,IHRSPAR_CAPACITY03,PUBLISHED,2018,AFR,TCD,IHRSPARCAPLEVEL03_LEVEL_C3,20,20.0,,,
361,IHRSPAR_CAPACITY03,PUBLISHED,2018,AFR,TGO,IHRSPARCAPLEVEL03_LEVEL_C3,20,20.0,,,
362,IHRSPAR_CAPACITY03,PUBLISHED,2018,SEAR,THA,IHRSPARCAPLEVEL03_LEVEL_C3,100,100.0,,,
363,IHRSPAR_CAPACITY03,PUBLISHED,2018,EUR,TJK,IHRSPARCAPLEVEL03_LEVEL_C3,80,80.0,,,
364,IHRSPAR_CAPACITY03,PUBLISHED,2018,EUR,TKM,IHRSPARCAPLEVEL03_LEVEL_C3,100,100.0,,,
365,IHRSPAR_CAPACITY03,PUBLISHED,2018,SEAR,TLS,IHRSPARCAPLEVEL03_LEVEL_C3,20,20.0,,,
366,IHRSPAR_CAPACITY03,PUBLISHED,2018,WPR,TON,IHRSPARCAPLEVEL03_LEVEL_C3,20,20.0,,,
367,IHRSPAR_CAPACITY03,PUBLISHED,2018,AMR,TTO,IHRSPARCAPLEVEL03_LEVEL_C3,20,20.0,,,
368,IHRSPAR_CAPACITY03,PUBLISHED,2018,EMR,TUN,IHRSPARCAPLEVEL03_LEVEL_C3,80,80.0,,,
369,IHRSPAR_CAPACITY03,PUBLISHED,2018,EUR,TUR,IHRSPARCAPLEVEL03_LEVEL_C3,80,80.0,,,
370,IHRSPAR_CAPACITY03,PUBLISHED,2018,WPR,TUV,IHRSPARCAPLEVEL03_LEVEL_C3,20,20.0,,,
371,IHRSPAR_CAPACITY03,PUBLISHED,2018,AFR,TZA,IHRSPARCAPLEVEL03_LEVEL_C3,60,60.0,,,
372,IHRSPAR_CAPACITY03,PUBLISHED,2018,AFR,UGA,IHRSPARCAPLEVEL03_LEVEL_C3,40,40.0,,,
373,IHRSPAR_CAPACITY03,PUBLISHED,2018,EUR,UKR,IHRSPARCAPLEVEL03_LEVEL_C3,80,80.0,,,
374,IHRSPAR_CAPACITY03,PUBLISHED,2018,AMR,URY,IHRSPARCAPLEVEL03_LEVEL_C3,80,80.0,,,
375,IHRSPAR_CAPACITY03,PUBLISHED,2018,AMR,USA,IHRSPARCAPLEVEL03_LEVEL_C3,80,80.0,,,
376,IHRSPAR_CAPACITY03,PUBLISHED,2018,EUR,UZB,IHRSPARCAPLEVEL03_LEVEL_C3,60,60.0,,,
377,IHRSPAR_CAPACITY03,PUBLISHED,2018,AMR,VCT,IHRSPARCAPLEVEL03_LEVEL_C3,20,20.0,,,
378,IHRSPAR_CAPACITY03,PUBLISHED,2018,AMR,VEN,IHRSPARCAPLEVEL03_LEVEL_C3,80,80.0,,,
379,IHRSPAR_CAPACITY03,PUBLISHED,2018,WPR,VNM,IHRSPARCAPLEVEL03_LEVEL_C3,60,60.0,,,
380,IHRSPAR_CAPACITY03,PUBLISHED,2018,WPR,VUT,IHRSPARCAPLEVEL03_LEVEL_C3,20,20.0,,,
381,IHRSPAR_CAPACITY03,PUBLISHED,2018,WPR,WSM,IHRSPARCAPLEVEL03_LEVEL_C3,20,20.0,,,
382,IHRSPAR_CAPACITY03,PUBLISHED,2018,EMR,YEM,IHRSPARCAPLEVEL03_LEVEL_C3,80,80.0,,,
383,IHRSPAR_CAPACITY03,PUBLISHED,2018,AFR,ZAF,IHRSPARCAPLEVEL03_LEVEL_C3,100,100.0,,,
384,IHRSPAR_CAPACITY03,PUBLISHED,2018,AFR,ZMB,IHRSPARCAPLEVEL03_LEVEL_C3,20,20.0,,,
385,IHRSPAR_CAPACITY03,PUBLISHED,2018,AFR,ZWE,IHRSPARCAPLEVEL03_LEVEL_C3,80,80.0,,,
386,IHRSPAR_CAPACITY03,PUBLISHED,2018,AMR,CUB,IHRSPARCAPLEVEL03_LEVEL_C3,100,100.0,,,
387,IHRSPAR_CAPACITY03,PUBLISHED,2018,AMR,GTM,IHRSPARCAPLEVEL03_LEVEL_C3,60,60.0,,,
388,IHRSPAR_CAPACITY03,PUBLISHED,2018,GLOBAL,,IHRSPARCAPLEVEL03_LEVEL_C3,63,63.0,,,
389,IHRSPAR_CAPACITY03,PUBLISHED,2018,AFR,,IHRSPARCAPLEVEL03_LEVEL_C3,51,51.0,,,
390,IHRSPAR_CAPACITY03,PUBLISHED,2018,AMR,,IHRSPARCAPLEVEL03_LEVEL_C3,66,66.0,,,
391,IHRSPAR_CAPACITY03,PUBLISHED,2018,EMR,,IHRSPARCAPLEVEL03_LEVEL_C3,74,74.0,,,
392,IHRSPAR_CAPACITY03,PUBLISHED,2018,EUR,,IHRSPARCAPLEVEL03_LEVEL_C3,77,77.0,,,
393,IHRSPAR_CAPACITY03,PUBLISHED,2018,SEAR,,IHRSPARCAPLEVEL03_LEVEL_C3,55,55.0,,,
394,IHRSPAR_CAPACITY03,PUBLISHED,2018,WPR,,IHRSPARCAPLEVEL03_LEVEL_C3,47,47.0,,,
