,GHO,PUBLISHSTATE,YEAR,REGION,COUNTRY,Display Value,Numeric,Low,High,Comments
0,SDGIHR,PUBLISHED,2017,WPR,LAO,No data,,,,Data were submitted in a format that could not be included in the analysis
1,SDGIHR,PUBLISHED,2017,AMR,JAM,No data,,,,Data were submitted in a format that could not be included in the analysis
2,SDGIHR,PUBLISHED,2017,AFR,DZA,75,75.28671999999999,,,
3,SDGIHR,PUBLISHED,2017,AFR,AGO,75,75.23131,,,
4,SDGIHR,PUBLISHED,2017,AFR,BEN,30,30.311629999999997,,,
5,SDGIHR,PUBLISHED,2017,AFR,BWA,42,42.083490000000005,,,
6,SDGIHR,PUBLISHED,2017,AFR,BFA,45,44.73519,,,
7,SDGIHR,PUBLISHED,2017,AFR,BDI,25,24.898429999999998,,,
8,SDGIHR,PUBLISHED,2017,AFR,CMR,57,57.35698000000001,,,
9,SDGIHR,PUBLISHED,2017,AFR,CPV,65,64.51923000000001,,,
10,SDGIHR,PUBLISHED,2017,AFR,CAF,27,26.88327,,,
11,SDGIHR,PUBLISHED,2017,AFR,TCD,44,44.47054,,,
12,SDGIHR,PUBLISHED,2017,AFR,COM,37,37.36737,,,
13,SDGIHR,PUBLISHED,2017,AFR,COG,31,30.723309999999998,,,
14,SDGIHR,PUBLISHED,2017,AFR,CIV,87,86.59348,,,
15,SDGIHR,PUBLISHED,2017,AFR,COD,65,65.21345,,,
16,SDGIHR,PUBLISHED,2017,AFR,GNQ,27,26.82054,,,
17,SDGIHR,PUBLISHED,2017,AFR,ERI,49,49.280159999999995,,,
18,SDGIHR,PUBLISHED,2017,AFR,ETH,79,79.11332,,,
19,SDGIHR,PUBLISHED,2017,AFR,GAB,52,51.680620000000005,,,
20,SDGIHR,PUBLISHED,2017,AFR,GMB,27,27.169590000000003,,,
21,SDGIHR,PUBLISHED,2017,AFR,GHA,74,73.70528,,,
22,SDGIHR,PUBLISHED,2017,AFR,GNB,53,53.4374,,,
23,SDGIHR,PUBLISHED,2017,AFR,GIN,59,59.480909999999994,,,
24,SDGIHR,PUBLISHED,2017,AFR,KEN,58,57.701730000000005,,,
25,SDGIHR,PUBLISHED,2017,AFR,LSO,62,62.03581,,,
26,SDGIHR,PUBLISHED,2017,AFR,LBR,76,75.60322,,,
27,SDGIHR,PUBLISHED,2017,AFR,MDG,43,42.63219,,,
28,SDGIHR,PUBLISHED,2017,AFR,MWI,56,56.13057,,,
29,SDGIHR,PUBLISHED,2017,AFR,MLI,40,40.15007,,,
30,SDGIHR,PUBLISHED,2017,AFR,MRT,32,31.59345,,,
31,SDGIHR,PUBLISHED,2017,AFR,MUS,71,70.73044,,,
32,SDGIHR,PUBLISHED,2017,AFR,MOZ,69,68.90454,,,
33,SDGIHR,PUBLISHED,2017,AFR,NAM,79,78.52735,,,
34,SDGIHR,PUBLISHED,2017,AFR,NER,74,73.55179,,,
35,SDGIHR,PUBLISHED,2017,AFR,NGA,51,50.609970000000004,,,
36,SDGIHR,PUBLISHED,2017,AFR,RWA,66,66.05677,,,
37,SDGIHR,PUBLISHED,2017,AFR,STP,16,15.91339,,,
38,SDGIHR,PUBLISHED,2017,AFR,SEN,44,44.36037,,,
39,SDGIHR,PUBLISHED,2017,AFR,SYC,87,86.89439,,,
40,SDGIHR,PUBLISHED,2017,AFR,SLE,70,69.55711,,,
41,SDGIHR,PUBLISHED,2017,AFR,ZAF,91,90.58858000000001,,,
42,SDGIHR,PUBLISHED,2017,AFR,SSD,34,34.39963,,,
43,SDGIHR,PUBLISHED,2017,AFR,SWZ,75,74.6404,,,
44,SDGIHR,PUBLISHED,2017,AFR,TZA,69,69.14708,,,
45,SDGIHR,PUBLISHED,2017,AFR,TGO,64,64.3992,,,
46,SDGIHR,PUBLISHED,2017,AFR,UGA,58,58.395559999999996,,,
47,SDGIHR,PUBLISHED,2017,AFR,ZMB,64,63.72115,,,
48,SDGIHR,PUBLISHED,2017,AFR,ZWE,72,72.26451,,,
49,SDGIHR,PUBLISHED,2017,AMR,ATG,71,70.7879,,,
50,SDGIHR,PUBLISHED,2017,AMR,ARG,70,70.22102,,,
51,SDGIHR,PUBLISHED,2017,AMR,BHS,78,77.78353,,,
52,SDGIHR,PUBLISHED,2017,AMR,BRB,92,91.94527,,,
53,SDGIHR,PUBLISHED,2017,AMR,BOL,76,76.38551,,,
54,SDGIHR,PUBLISHED,2017,AMR,BRA,96,96.141,,,
55,SDGIHR,PUBLISHED,2017,AMR,CAN,100,100.0,,,
56,SDGIHR,PUBLISHED,2017,AMR,CHL,84,83.64106,,,
57,SDGIHR,PUBLISHED,2017,AMR,COL,88,88.15664,,,
58,SDGIHR,PUBLISHED,2017,AMR,CRI,87,87.15872,,,
59,SDGIHR,PUBLISHED,2017,AMR,CUB,99,99.3007,,,
60,SDGIHR,PUBLISHED,2017,AMR,DMA,62,61.65546,,,
61,SDGIHR,PUBLISHED,2017,AMR,DOM,55,54.899809999999995,,,
62,SDGIHR,PUBLISHED,2017,AMR,SLV,93,92.51556,,,
63,SDGIHR,PUBLISHED,2017,AMR,ECU,81,80.9791,,,
64,SDGIHR,PUBLISHED,2017,AMR,GUY,89,88.61395,,,
65,SDGIHR,PUBLISHED,2017,AMR,HTI,61,61.47323000000001,,,
66,SDGIHR,PUBLISHED,2017,AMR,HND,70,70.06648,,,
67,SDGIHR,PUBLISHED,2017,AMR,MEX,94,94.48285,,,
68,SDGIHR,PUBLISHED,2017,AMR,NIC,91,91.01085,,,
69,SDGIHR,PUBLISHED,2017,AMR,PAN,76,75.69974,,,
70,SDGIHR,PUBLISHED,2017,AMR,PRY,77,77.32249,,,
71,SDGIHR,PUBLISHED,2017,AMR,PER,66,65.84124,,,
72,SDGIHR,PUBLISHED,2017,AMR,KNA,52,51.62214,,,
73,SDGIHR,PUBLISHED,2017,AMR,SUR,72,71.50659,,,
74,SDGIHR,PUBLISHED,2017,AMR,TTO,72,71.64085,,,
75,SDGIHR,PUBLISHED,2017,AMR,URY,87,87.3195,,,
76,SDGIHR,PUBLISHED,2017,AMR,USA,100,100.0,,,
77,SDGIHR,PUBLISHED,2017,AMR,VEN,94,94.30275,,,
78,SDGIHR,PUBLISHED,2017,EMR,AFG,42,41.7827,,,
79,SDGIHR,PUBLISHED,2017,EMR,BHR,93,93.04323000000001,,,
80,SDGIHR,PUBLISHED,2017,EMR,DJI,33,33.175,,,
81,SDGIHR,PUBLISHED,2017,EMR,EGY,96,96.39546,,,
82,SDGIHR,PUBLISHED,2017,EMR,IRN,76,76.22516999999999,,,
83,SDGIHR,PUBLISHED,2017,EMR,IRQ,89,88.88033,,,
84,SDGIHR,PUBLISHED,2017,EMR,JOR,72,72.2867,,,
85,SDGIHR,PUBLISHED,2017,EMR,KWT,85,84.86283,,,
86,SDGIHR,PUBLISHED,2017,EMR,LBN,80,79.9983,,,
87,SDGIHR,PUBLISHED,2017,EMR,LBY,64,63.565290000000005,,,
88,SDGIHR,PUBLISHED,2017,EMR,MAR,95,95.28002,,,
89,SDGIHR,PUBLISHED,2017,EMR,OMN,90,90.02331,,,
90,SDGIHR,PUBLISHED,2017,EMR,PAK,51,51.04112,,,
91,SDGIHR,PUBLISHED,2017,EMR,QAT,76,75.5632,,,
92,SDGIHR,PUBLISHED,2017,EMR,SAU,99,98.79057,,,
93,SDGIHR,PUBLISHED,2017,EMR,SOM,29,29.304029999999997,,,
94,SDGIHR,PUBLISHED,2017,EMR,SDN,67,67.19905,,,
95,SDGIHR,PUBLISHED,2017,EMR,SYR,64,64.04382,,,
96,SDGIHR,PUBLISHED,2017,EMR,TUN,57,57.423880000000004,,,
97,SDGIHR,PUBLISHED,2017,EMR,ARE,97,96.78419,,,
98,SDGIHR,PUBLISHED,2017,EMR,YEM,48,48.32332,,,
99,SDGIHR,PUBLISHED,2017,EUR,ALB,46,45.76656,,,
100,SDGIHR,PUBLISHED,2017,EUR,AND,29,29.03694,,,
101,SDGIHR,PUBLISHED,2017,EUR,ARM,95,95.3356,,,
102,SDGIHR,PUBLISHED,2017,EUR,AUT,68,68.21569000000001,,,
103,SDGIHR,PUBLISHED,2017,EUR,BEL,83,82.90359000000001,,,
104,SDGIHR,PUBLISHED,2017,EUR,BIH,58,57.98546999999999,,,
105,SDGIHR,PUBLISHED,2017,EUR,HRV,71,70.57078,,,
106,SDGIHR,PUBLISHED,2017,EUR,CYP,96,95.64103,,,
107,SDGIHR,PUBLISHED,2017,EUR,CZE,94,93.82146,,,
108,SDGIHR,PUBLISHED,2017,EUR,DNK,90,89.58556999999999,,,
109,SDGIHR,PUBLISHED,2017,EUR,EST,70,70.01811,,,
110,SDGIHR,PUBLISHED,2017,EUR,FRA,89,89.40559,,,
111,SDGIHR,PUBLISHED,2017,EUR,GEO,74,73.60889,,,
112,SDGIHR,PUBLISHED,2017,EUR,DEU,97,96.53846,,,
113,SDGIHR,PUBLISHED,2017,EUR,HUN,82,81.88941,,,
114,SDGIHR,PUBLISHED,2017,EUR,ISL,72,72.19752,,,
115,SDGIHR,PUBLISHED,2017,EUR,LVA,90,89.86046999999999,,,
116,SDGIHR,PUBLISHED,2017,EUR,LTU,77,76.85833000000001,,,
117,SDGIHR,PUBLISHED,2017,EUR,LUX,88,88.41447,,,
118,SDGIHR,PUBLISHED,2017,EUR,MKD,90,90.14165,,,
119,SDGIHR,PUBLISHED,2017,EUR,MLT,79,78.5618,,,
120,SDGIHR,PUBLISHED,2017,EUR,MCO,81,81.24149,,,
121,SDGIHR,PUBLISHED,2017,EUR,MNE,56,55.80356,,,
122,SDGIHR,PUBLISHED,2017,EUR,NLD,95,94.60059,,,
123,SDGIHR,PUBLISHED,2017,EUR,NOR,99,99.40828,,,
124,SDGIHR,PUBLISHED,2017,EUR,POL,74,73.75013,,,
125,SDGIHR,PUBLISHED,2017,EUR,PRT,91,90.82395,,,
126,SDGIHR,PUBLISHED,2017,EUR,ROU,76,76.1956,,,
127,SDGIHR,PUBLISHED,2017,EUR,SMR,61,61.05894,,,
128,SDGIHR,PUBLISHED,2017,EUR,SRB,44,43.90568,,,
129,SDGIHR,PUBLISHED,2017,EUR,SVK,95,94.85941,,,
130,SDGIHR,PUBLISHED,2017,EUR,SVN,77,77.30682,,,
131,SDGIHR,PUBLISHED,2017,EUR,ESP,95,94.84784,,,
132,SDGIHR,PUBLISHED,2017,EUR,SWE,93,92.71128,,,
133,SDGIHR,PUBLISHED,2017,EUR,CHE,91,91.27871999999999,,,
134,SDGIHR,PUBLISHED,2017,EUR,TUR,88,87.59634,,,
135,SDGIHR,PUBLISHED,2017,EUR,GBR,89,89.37915,,,
136,SDGIHR,PUBLISHED,2017,EUR,UKR,49,49.498540000000006,,,
137,SDGIHR,PUBLISHED,2017,SEAR,BGD,78,77.74591,,,
138,SDGIHR,PUBLISHED,2017,SEAR,BTN,73,73.39328,,,
139,SDGIHR,PUBLISHED,2017,SEAR,PRK,67,66.81925,,,
140,SDGIHR,PUBLISHED,2017,SEAR,IND,95,95.27778,,,
141,SDGIHR,PUBLISHED,2017,SEAR,IDN,99,98.92751,,,
142,SDGIHR,PUBLISHED,2017,SEAR,MDV,63,62.538169999999994,,,
143,SDGIHR,PUBLISHED,2017,SEAR,MMR,62,62.18526,,,
144,SDGIHR,PUBLISHED,2017,SEAR,NPL,22,22.41633,,,
145,SDGIHR,PUBLISHED,2017,SEAR,LKA,76,75.74534,,,
146,SDGIHR,PUBLISHED,2017,SEAR,THA,97,97.07459,,,
147,SDGIHR,PUBLISHED,2017,WPR,AUS,100,99.67949,,,
148,SDGIHR,PUBLISHED,2017,WPR,BRN,67,67.16072,,,
149,SDGIHR,PUBLISHED,2017,WPR,KHM,81,80.65395,,,
150,SDGIHR,PUBLISHED,2017,WPR,CHN,100,100.0,,,
151,SDGIHR,PUBLISHED,2017,WPR,COK,43,43.145559999999996,,,
152,SDGIHR,PUBLISHED,2017,WPR,JPN,100,99.57265,,,
153,SDGIHR,PUBLISHED,2017,WPR,MHL,57,56.95815,,,
154,SDGIHR,PUBLISHED,2017,WPR,FSM,86,85.77775,,,
155,SDGIHR,PUBLISHED,2017,WPR,MNG,87,86.70353,,,
156,SDGIHR,PUBLISHED,2017,WPR,NZL,98,98.22844,,,
157,SDGIHR,PUBLISHED,2017,WPR,PLW,91,91.48205,,,
158,SDGIHR,PUBLISHED,2017,WPR,PHL,81,81.34406,,,
159,SDGIHR,PUBLISHED,2017,WPR,KOR,98,97.8953,,,
160,SDGIHR,PUBLISHED,2017,WPR,SGP,99,99.40828,,,
161,SDGIHR,PUBLISHED,2017,WPR,SLB,57,56.91624,,,
162,SDGIHR,PUBLISHED,2017,WPR,TUV,54,54.151830000000004,,,
163,SDGIHR,PUBLISHED,2017,WPR,VUT,35,34.69003,,,
164,SDGIHR,PUBLISHED,2017,WPR,VNM,95,95.21181,,,
165,SDGIHR,PUBLISHED,2010,EMR,AFG,45,45.0,,,
166,SDGIHR,PUBLISHED,2011,EMR,AFG,25,25.0,,,
167,SDGIHR,PUBLISHED,2012,EMR,AFG,25,25.0,,,
168,SDGIHR,PUBLISHED,2013,EMR,AFG,36,36.0,,,
169,SDGIHR,PUBLISHED,2014,EMR,AFG,46,46.0,,,
170,SDGIHR,PUBLISHED,2015,EMR,AFG,43,43.0,,,
171,SDGIHR,PUBLISHED,2016,EMR,AFG,42,42.0,,,
172,SDGIHR,PUBLISHED,2010,AFR,DZA,51,51.0,,,
173,SDGIHR,PUBLISHED,2011,AFR,DZA,11,11.0,,,
174,SDGIHR,PUBLISHED,2012,AFR,DZA,19,19.0,,,
175,SDGIHR,PUBLISHED,2013,AFR,DZA,40,40.0,,,
176,SDGIHR,PUBLISHED,2014,AFR,DZA,71,71.0,,,
177,SDGIHR,PUBLISHED,2015,AFR,DZA,72,72.0,,,
178,SDGIHR,PUBLISHED,2016,AFR,DZA,73,73.0,,,
179,SDGIHR,PUBLISHED,2010,EUR,AND,36,36.0,,,
180,SDGIHR,PUBLISHED,2011,EUR,AND,29,29.0,,,
181,SDGIHR,PUBLISHED,2012,EUR,AND,31,31.0,,,
182,SDGIHR,PUBLISHED,2013,EUR,AND,20,20.0,,,
183,SDGIHR,PUBLISHED,2014,EUR,AND,29,29.0,,,
184,SDGIHR,PUBLISHED,2015,EUR,AND,29,29.0,,,
185,SDGIHR,PUBLISHED,2016,EUR,AND,42,42.0,,,
186,SDGIHR,PUBLISHED,2011,AFR,AGO,41,41.0,,,
187,SDGIHR,PUBLISHED,2013,AFR,AGO,41,41.0,,,
188,SDGIHR,PUBLISHED,2014,AFR,AGO,18,18.0,,,
189,SDGIHR,PUBLISHED,2010,AMR,ATG,66,66.0,,,
190,SDGIHR,PUBLISHED,2011,AMR,ATG,53,53.0,,,
191,SDGIHR,PUBLISHED,2012,AMR,ATG,72,72.0,,,
192,SDGIHR,PUBLISHED,2013,AMR,ATG,73,73.0,,,
193,SDGIHR,PUBLISHED,2014,AMR,ATG,85,85.0,,,
194,SDGIHR,PUBLISHED,2015,AMR,ATG,87,87.0,,,
195,SDGIHR,PUBLISHED,2016,AMR,ATG,81,81.0,,,
196,SDGIHR,PUBLISHED,2011,AMR,ARG,67,67.0,,,
197,SDGIHR,PUBLISHED,2012,AMR,ARG,71,71.0,,,
198,SDGIHR,PUBLISHED,2013,AMR,ARG,75,75.0,,,
199,SDGIHR,PUBLISHED,2014,AMR,ARG,80,80.0,,,
200,SDGIHR,PUBLISHED,2015,AMR,ARG,83,83.0,,,
201,SDGIHR,PUBLISHED,2016,AMR,ARG,76,76.0,,,
202,SDGIHR,PUBLISHED,2010,EUR,ARM,75,75.0,,,
203,SDGIHR,PUBLISHED,2011,EUR,ARM,76,76.0,,,
204,SDGIHR,PUBLISHED,2012,EUR,ARM,89,89.0,,,
205,SDGIHR,PUBLISHED,2013,EUR,ARM,92,92.0,,,
206,SDGIHR,PUBLISHED,2014,EUR,ARM,94,94.0,,,
207,SDGIHR,PUBLISHED,2015,EUR,ARM,96,96.0,,,
208,SDGIHR,PUBLISHED,2010,WPR,AUS,93,93.0,,,
209,SDGIHR,PUBLISHED,2011,WPR,AUS,95,95.0,,,
210,SDGIHR,PUBLISHED,2012,WPR,AUS,99,99.0,,,
211,SDGIHR,PUBLISHED,2013,WPR,AUS,98,98.0,,,
212,SDGIHR,PUBLISHED,2014,WPR,AUS,99,99.0,,,
213,SDGIHR,PUBLISHED,2015,WPR,AUS,100,100.0,,,
214,SDGIHR,PUBLISHED,2016,WPR,AUS,100,100.0,,,
215,SDGIHR,PUBLISHED,2010,EUR,AUT,86,86.0,,,
216,SDGIHR,PUBLISHED,2011,EUR,AUT,96,96.0,,,
217,SDGIHR,PUBLISHED,2012,EUR,AUT,93,93.0,,,
218,SDGIHR,PUBLISHED,2013,EUR,AUT,90,90.0,,,
219,SDGIHR,PUBLISHED,2014,EUR,AUT,91,91.0,,,
220,SDGIHR,PUBLISHED,2015,EUR,AUT,87,87.0,,,
221,SDGIHR,PUBLISHED,2016,EUR,AUT,87,87.0,,,
222,SDGIHR,PUBLISHED,2010,EUR,AZE,53,53.0,,,
223,SDGIHR,PUBLISHED,2011,EUR,AZE,79,79.0,,,
224,SDGIHR,PUBLISHED,2013,EUR,AZE,84,84.0,,,
225,SDGIHR,PUBLISHED,2014,EUR,AZE,84,84.0,,,
226,SDGIHR,PUBLISHED,2010,AMR,BHS,59,59.0,,,
227,SDGIHR,PUBLISHED,2011,AMR,BHS,57,57.0,,,
228,SDGIHR,PUBLISHED,2014,AMR,BHS,61,61.0,,,
229,SDGIHR,PUBLISHED,2015,AMR,BHS,59,59.0,,,
230,SDGIHR,PUBLISHED,2016,AMR,BHS,75,75.0,,,
231,SDGIHR,PUBLISHED,2010,EMR,BHR,67,67.0,,,
232,SDGIHR,PUBLISHED,2011,EMR,BHR,73,73.0,,,
233,SDGIHR,PUBLISHED,2012,EMR,BHR,85,85.0,,,
234,SDGIHR,PUBLISHED,2013,EMR,BHR,84,84.0,,,
235,SDGIHR,PUBLISHED,2014,EMR,BHR,92,92.0,,,
236,SDGIHR,PUBLISHED,2015,EMR,BHR,96,96.0,,,
237,SDGIHR,PUBLISHED,2016,EMR,BHR,96,96.0,,,
238,SDGIHR,PUBLISHED,2010,SEAR,BGD,68,68.0,,,
239,SDGIHR,PUBLISHED,2011,SEAR,BGD,60,60.0,,,
240,SDGIHR,PUBLISHED,2012,SEAR,BGD,67,67.0,,,
241,SDGIHR,PUBLISHED,2013,SEAR,BGD,77,77.0,,,
242,SDGIHR,PUBLISHED,2014,SEAR,BGD,82,82.0,,,
243,SDGIHR,PUBLISHED,2015,SEAR,BGD,85,85.0,,,
244,SDGIHR,PUBLISHED,2016,SEAR,BGD,76,76.0,,,
245,SDGIHR,PUBLISHED,2010,AMR,BRB,60,60.0,,,
246,SDGIHR,PUBLISHED,2011,AMR,BRB,73,73.0,,,
247,SDGIHR,PUBLISHED,2012,AMR,BRB,69,69.0,,,
248,SDGIHR,PUBLISHED,2013,AMR,BRB,78,78.0,,,
249,SDGIHR,PUBLISHED,2014,AMR,BRB,71,71.0,,,
250,SDGIHR,PUBLISHED,2015,AMR,BRB,90,90.0,,,
251,SDGIHR,PUBLISHED,2016,AMR,BRB,84,84.0,,,
252,SDGIHR,PUBLISHED,2011,EUR,BLR,73,73.0,,,
253,SDGIHR,PUBLISHED,2014,EUR,BLR,90,90.0,,,
254,SDGIHR,PUBLISHED,2010,EUR,BEL,74,74.0,,,
255,SDGIHR,PUBLISHED,2011,EUR,BEL,74,74.0,,,
256,SDGIHR,PUBLISHED,2012,EUR,BEL,82,82.0,,,
257,SDGIHR,PUBLISHED,2013,EUR,BEL,81,81.0,,,
258,SDGIHR,PUBLISHED,2014,EUR,BEL,82,82.0,,,
259,SDGIHR,PUBLISHED,2015,EUR,BEL,82,82.0,,,
260,SDGIHR,PUBLISHED,2016,EUR,BEL,82,82.0,,,
261,SDGIHR,PUBLISHED,2010,AMR,BLZ,32,32.0,,,
262,SDGIHR,PUBLISHED,2011,AMR,BLZ,47,47.0,,,
263,SDGIHR,PUBLISHED,2012,AMR,BLZ,49,49.0,,,
264,SDGIHR,PUBLISHED,2013,AMR,BLZ,43,43.0,,,
265,SDGIHR,PUBLISHED,2015,AMR,BLZ,55,55.0,,,
266,SDGIHR,PUBLISHED,2010,AFR,BEN,57,57.0,,,
267,SDGIHR,PUBLISHED,2011,AFR,BEN,46,46.0,,,
268,SDGIHR,PUBLISHED,2012,AFR,BEN,43,43.0,,,
269,SDGIHR,PUBLISHED,2014,AFR,BEN,44,44.0,,,
270,SDGIHR,PUBLISHED,2016,AFR,BEN,28,28.0,,,
271,SDGIHR,PUBLISHED,2010,SEAR,BTN,29,29.0,,,
272,SDGIHR,PUBLISHED,2011,SEAR,BTN,50,50.0,,,
273,SDGIHR,PUBLISHED,2013,SEAR,BTN,35,35.0,,,
274,SDGIHR,PUBLISHED,2014,SEAR,BTN,59,59.0,,,
275,SDGIHR,PUBLISHED,2015,SEAR,BTN,65,65.0,,,
276,SDGIHR,PUBLISHED,2016,SEAR,BTN,76,76.0,,,
277,SDGIHR,PUBLISHED,2011,AMR,BOL,35,35.0,,,
278,SDGIHR,PUBLISHED,2012,AMR,BOL,57,57.0,,,
279,SDGIHR,PUBLISHED,2013,AMR,BOL,64,64.0,,,
280,SDGIHR,PUBLISHED,2014,AMR,BOL,61,61.0,,,
281,SDGIHR,PUBLISHED,2015,AMR,BOL,67,67.0,,,
282,SDGIHR,PUBLISHED,2016,AMR,BOL,77,77.0,,,
283,SDGIHR,PUBLISHED,2010,EUR,BIH,38,38.0,,,
284,SDGIHR,PUBLISHED,2011,EUR,BIH,45,45.0,,,
285,SDGIHR,PUBLISHED,2014,EUR,BIH,56,56.0,,,
286,SDGIHR,PUBLISHED,2015,EUR,BIH,55,55.0,,,
287,SDGIHR,PUBLISHED,2016,EUR,BIH,57,57.0,,,
288,SDGIHR,PUBLISHED,2010,AFR,BWA,47,47.0,,,
289,SDGIHR,PUBLISHED,2013,AFR,BWA,35,35.0,,,
290,SDGIHR,PUBLISHED,2015,AFR,BWA,56,56.0,,,
291,SDGIHR,PUBLISHED,2010,AMR,BRA,53,53.0,,,
292,SDGIHR,PUBLISHED,2011,AMR,BRA,81,81.0,,,
293,SDGIHR,PUBLISHED,2013,AMR,BRA,89,89.0,,,
294,SDGIHR,PUBLISHED,2014,AMR,BRA,96,96.0,,,
295,SDGIHR,PUBLISHED,2015,AMR,BRA,97,97.0,,,
296,SDGIHR,PUBLISHED,2016,AMR,BRA,97,97.0,,,
297,SDGIHR,PUBLISHED,2010,WPR,BRN,51,51.0,,,
298,SDGIHR,PUBLISHED,2011,WPR,BRN,54,54.0,,,
299,SDGIHR,PUBLISHED,2012,WPR,BRN,68,68.0,,,
300,SDGIHR,PUBLISHED,2013,WPR,BRN,82,82.0,,,
301,SDGIHR,PUBLISHED,2014,WPR,BRN,88,88.0,,,
302,SDGIHR,PUBLISHED,2015,WPR,BRN,91,91.0,,,
303,SDGIHR,PUBLISHED,2011,EUR,BGR,62,62.0,,,
304,SDGIHR,PUBLISHED,2014,EUR,BGR,69,69.0,,,
305,SDGIHR,PUBLISHED,2012,AFR,BFA,42,42.0,,,
306,SDGIHR,PUBLISHED,2013,AFR,BFA,64,64.0,,,
307,SDGIHR,PUBLISHED,2014,AFR,BFA,50,50.0,,,
308,SDGIHR,PUBLISHED,2011,AFR,BDI,15,15.0,,,
309,SDGIHR,PUBLISHED,2012,AFR,BDI,39,39.0,,,
310,SDGIHR,PUBLISHED,2013,AFR,BDI,36,36.0,,,
311,SDGIHR,PUBLISHED,2014,AFR,BDI,62,62.0,,,
312,SDGIHR,PUBLISHED,2015,AFR,BDI,56,56.0,,,
313,SDGIHR,PUBLISHED,2016,AFR,BDI,62,62.0,,,
314,SDGIHR,PUBLISHED,2010,AFR,CPV,58,58.0,,,
315,SDGIHR,PUBLISHED,2016,AFR,CPV,62,62.0,,,
316,SDGIHR,PUBLISHED,2010,WPR,KHM,46,46.0,,,
317,SDGIHR,PUBLISHED,2011,WPR,KHM,49,49.0,,,
318,SDGIHR,PUBLISHED,2012,WPR,KHM,49,49.0,,,
319,SDGIHR,PUBLISHED,2013,WPR,KHM,42,42.0,,,
320,SDGIHR,PUBLISHED,2014,WPR,KHM,41,41.0,,,
321,SDGIHR,PUBLISHED,2015,WPR,KHM,50,50.0,,,
322,SDGIHR,PUBLISHED,2016,WPR,KHM,55,55.0,,,
323,SDGIHR,PUBLISHED,2010,AFR,CMR,46,46.0,,,
324,SDGIHR,PUBLISHED,2011,AFR,CMR,65,65.0,,,
325,SDGIHR,PUBLISHED,2012,AFR,CMR,65,65.0,,,
326,SDGIHR,PUBLISHED,2013,AFR,CMR,89,89.0,,,
327,SDGIHR,PUBLISHED,2014,AFR,CMR,91,91.0,,,
328,SDGIHR,PUBLISHED,2016,AFR,CMR,54,54.0,,,
329,SDGIHR,PUBLISHED,2010,AMR,CAN,71,71.0,,,
330,SDGIHR,PUBLISHED,2011,AMR,CAN,95,95.0,,,
331,SDGIHR,PUBLISHED,2012,AMR,CAN,98,98.0,,,
332,SDGIHR,PUBLISHED,2013,AMR,CAN,99,99.0,,,
333,SDGIHR,PUBLISHED,2014,AMR,CAN,100,100.0,,,
334,SDGIHR,PUBLISHED,2015,AMR,CAN,100,100.0,,,
335,SDGIHR,PUBLISHED,2016,AMR,CAN,100,100.0,,,
336,SDGIHR,PUBLISHED,2011,AFR,CAF,28,28.0,,,
337,SDGIHR,PUBLISHED,2013,AFR,CAF,19,19.0,,,
338,SDGIHR,PUBLISHED,2014,AFR,CAF,24,24.0,,,
339,SDGIHR,PUBLISHED,2016,AFR,CAF,29,29.0,,,
340,SDGIHR,PUBLISHED,2011,AFR,TCD,28,28.0,,,
341,SDGIHR,PUBLISHED,2013,AFR,TCD,34,34.0,,,
342,SDGIHR,PUBLISHED,2015,AFR,TCD,40,40.0,,,
343,SDGIHR,PUBLISHED,2016,AFR,TCD,40,40.0,,,
344,SDGIHR,PUBLISHED,2011,AMR,CHL,87,87.0,,,
345,SDGIHR,PUBLISHED,2012,AMR,CHL,66,66.0,,,
346,SDGIHR,PUBLISHED,2013,AMR,CHL,73,73.0,,,
347,SDGIHR,PUBLISHED,2014,AMR,CHL,72,72.0,,,
348,SDGIHR,PUBLISHED,2015,AMR,CHL,75,75.0,,,
349,SDGIHR,PUBLISHED,2016,AMR,CHL,79,79.0,,,
350,SDGIHR,PUBLISHED,2010,WPR,CHN,87,87.0,,,
351,SDGIHR,PUBLISHED,2011,WPR,CHN,89,89.0,,,
352,SDGIHR,PUBLISHED,2012,WPR,CHN,86,86.0,,,
353,SDGIHR,PUBLISHED,2013,WPR,CHN,94,94.0,,,
354,SDGIHR,PUBLISHED,2014,WPR,CHN,98,98.0,,,
355,SDGIHR,PUBLISHED,2015,WPR,CHN,99,99.0,,,
356,SDGIHR,PUBLISHED,2016,WPR,CHN,98,98.0,,,
357,SDGIHR,PUBLISHED,2010,AMR,COL,78,78.0,,,
358,SDGIHR,PUBLISHED,2011,AMR,COL,48,48.0,,,
359,SDGIHR,PUBLISHED,2012,AMR,COL,70,70.0,,,
360,SDGIHR,PUBLISHED,2013,AMR,COL,74,74.0,,,
361,SDGIHR,PUBLISHED,2014,AMR,COL,75,75.0,,,
362,SDGIHR,PUBLISHED,2015,AMR,COL,85,85.0,,,
363,SDGIHR,PUBLISHED,2016,AMR,COL,89,89.0,,,
364,SDGIHR,PUBLISHED,2013,AFR,COM,29,29.0,,,
365,SDGIHR,PUBLISHED,2010,AFR,COG,15,15.0,,,
366,SDGIHR,PUBLISHED,2011,AFR,COG,57,57.0,,,
367,SDGIHR,PUBLISHED,2012,AFR,COG,65,65.0,,,
368,SDGIHR,PUBLISHED,2013,AFR,COG,28,28.0,,,
369,SDGIHR,PUBLISHED,2016,AFR,COG,44,44.0,,,
370,SDGIHR,PUBLISHED,2012,WPR,COK,89,89.0,,,
371,SDGIHR,PUBLISHED,2013,WPR,COK,89,89.0,,,
372,SDGIHR,PUBLISHED,2015,WPR,COK,67,67.0,,,
373,SDGIHR,PUBLISHED,2016,WPR,COK,56,56.0,,,
374,SDGIHR,PUBLISHED,2010,AMR,CRI,77,77.0,,,
375,SDGIHR,PUBLISHED,2011,AMR,CRI,69,69.0,,,
376,SDGIHR,PUBLISHED,2012,AMR,CRI,82,82.0,,,
377,SDGIHR,PUBLISHED,2013,AMR,CRI,89,89.0,,,
378,SDGIHR,PUBLISHED,2014,AMR,CRI,89,89.0,,,
379,SDGIHR,PUBLISHED,2015,AMR,CRI,82,82.0,,,
380,SDGIHR,PUBLISHED,2016,AMR,CRI,86,86.0,,,
381,SDGIHR,PUBLISHED,2011,AFR,CIV,52,52.0,,,
382,SDGIHR,PUBLISHED,2013,AFR,CIV,87,87.0,,,
383,SDGIHR,PUBLISHED,2016,AFR,CIV,78,78.0,,,
384,SDGIHR,PUBLISHED,2010,EUR,HRV,95,95.0,,,
385,SDGIHR,PUBLISHED,2011,EUR,HRV,95,95.0,,,
386,SDGIHR,PUBLISHED,2013,EUR,HRV,96,96.0,,,
387,SDGIHR,PUBLISHED,2014,EUR,HRV,66,66.0,,,
388,SDGIHR,PUBLISHED,2015,EUR,HRV,71,71.0,,,
389,SDGIHR,PUBLISHED,2016,EUR,HRV,71,71.0,,,
390,SDGIHR,PUBLISHED,2011,AMR,CUB,92,92.0,,,
391,SDGIHR,PUBLISHED,2012,AMR,CUB,99,99.0,,,
392,SDGIHR,PUBLISHED,2013,AMR,CUB,99,99.0,,,
393,SDGIHR,PUBLISHED,2014,AMR,CUB,96,96.0,,,
394,SDGIHR,PUBLISHED,2015,AMR,CUB,99,99.0,,,
395,SDGIHR,PUBLISHED,2016,AMR,CUB,99,99.0,,,
396,SDGIHR,PUBLISHED,2010,EUR,CYP,44,44.0,,,
397,SDGIHR,PUBLISHED,2011,EUR,CYP,51,51.0,,,
398,SDGIHR,PUBLISHED,2013,EUR,CYP,67,67.0,,,
399,SDGIHR,PUBLISHED,2014,EUR,CYP,62,62.0,,,
400,SDGIHR,PUBLISHED,2016,EUR,CYP,93,93.0,,,
401,SDGIHR,PUBLISHED,2010,EUR,CZE,86,86.0,,,
402,SDGIHR,PUBLISHED,2011,EUR,CZE,85,85.0,,,
403,SDGIHR,PUBLISHED,2012,EUR,CZE,92,92.0,,,
404,SDGIHR,PUBLISHED,2013,EUR,CZE,88,88.0,,,
405,SDGIHR,PUBLISHED,2014,EUR,CZE,88,88.0,,,
406,SDGIHR,PUBLISHED,2015,EUR,CZE,88,88.0,,,
407,SDGIHR,PUBLISHED,2010,SEAR,PRK,59,59.0,,,
408,SDGIHR,PUBLISHED,2011,SEAR,PRK,39,39.0,,,
409,SDGIHR,PUBLISHED,2012,SEAR,PRK,54,54.0,,,
410,SDGIHR,PUBLISHED,2013,SEAR,PRK,64,64.0,,,
411,SDGIHR,PUBLISHED,2014,SEAR,PRK,69,69.0,,,
412,SDGIHR,PUBLISHED,2015,SEAR,PRK,73,73.0,,,
413,SDGIHR,PUBLISHED,2016,SEAR,PRK,73,73.0,,,
414,SDGIHR,PUBLISHED,2010,AFR,COD,40,40.0,,,
415,SDGIHR,PUBLISHED,2011,AFR,COD,60,60.0,,,
416,SDGIHR,PUBLISHED,2012,AFR,COD,65,65.0,,,
417,SDGIHR,PUBLISHED,2013,AFR,COD,61,61.0,,,
418,SDGIHR,PUBLISHED,2014,AFR,COD,69,69.0,,,
419,SDGIHR,PUBLISHED,2015,AFR,COD,75,75.0,,,
420,SDGIHR,PUBLISHED,2016,AFR,COD,71,71.0,,,
421,SDGIHR,PUBLISHED,2010,EUR,DNK,73,73.0,,,
422,SDGIHR,PUBLISHED,2011,EUR,DNK,75,75.0,,,
423,SDGIHR,PUBLISHED,2013,EUR,DNK,86,86.0,,,
424,SDGIHR,PUBLISHED,2014,EUR,DNK,91,91.0,,,
425,SDGIHR,PUBLISHED,2015,EUR,DNK,91,91.0,,,
426,SDGIHR,PUBLISHED,2016,EUR,DNK,89,89.0,,,
427,SDGIHR,PUBLISHED,2012,EMR,DJI,39,39.0,,,
428,SDGIHR,PUBLISHED,2013,EMR,DJI,43,43.0,,,
429,SDGIHR,PUBLISHED,2014,EMR,DJI,46,46.0,,,
430,SDGIHR,PUBLISHED,2010,AMR,DMA,43,43.0,,,
431,SDGIHR,PUBLISHED,2011,AMR,DMA,57,57.0,,,
432,SDGIHR,PUBLISHED,2012,AMR,DMA,57,57.0,,,
433,SDGIHR,PUBLISHED,2013,AMR,DMA,69,69.0,,,
434,SDGIHR,PUBLISHED,2014,AMR,DMA,69,69.0,,,
435,SDGIHR,PUBLISHED,2015,AMR,DMA,62,62.0,,,
436,SDGIHR,PUBLISHED,2016,AMR,DMA,62,62.0,,,
437,SDGIHR,PUBLISHED,2010,AMR,DOM,52,52.0,,,
438,SDGIHR,PUBLISHED,2012,AMR,DOM,54,54.0,,,
439,SDGIHR,PUBLISHED,2013,AMR,DOM,72,72.0,,,
440,SDGIHR,PUBLISHED,2014,AMR,DOM,73,73.0,,,
441,SDGIHR,PUBLISHED,2015,AMR,DOM,70,70.0,,,
442,SDGIHR,PUBLISHED,2016,AMR,DOM,71,71.0,,,
443,SDGIHR,PUBLISHED,2010,AMR,ECU,41,41.0,,,
444,SDGIHR,PUBLISHED,2011,AMR,ECU,52,52.0,,,
445,SDGIHR,PUBLISHED,2012,AMR,ECU,40,40.0,,,
446,SDGIHR,PUBLISHED,2013,AMR,ECU,44,44.0,,,
447,SDGIHR,PUBLISHED,2014,AMR,ECU,79,79.0,,,
448,SDGIHR,PUBLISHED,2015,AMR,ECU,89,89.0,,,
449,SDGIHR,PUBLISHED,2016,AMR,ECU,81,81.0,,,
450,SDGIHR,PUBLISHED,2010,EMR,EGY,88,88.0,,,
451,SDGIHR,PUBLISHED,2011,EMR,EGY,83,83.0,,,
452,SDGIHR,PUBLISHED,2012,EMR,EGY,82,82.0,,,
453,SDGIHR,PUBLISHED,2013,EMR,EGY,88,88.0,,,
454,SDGIHR,PUBLISHED,2014,EMR,EGY,93,93.0,,,
455,SDGIHR,PUBLISHED,2016,EMR,EGY,94,94.0,,,
456,SDGIHR,PUBLISHED,2011,AMR,SLV,74,74.0,,,
457,SDGIHR,PUBLISHED,2012,AMR,SLV,81,81.0,,,
458,SDGIHR,PUBLISHED,2013,AMR,SLV,90,90.0,,,
459,SDGIHR,PUBLISHED,2014,AMR,SLV,93,93.0,,,
460,SDGIHR,PUBLISHED,2015,AMR,SLV,93,93.0,,,
461,SDGIHR,PUBLISHED,2016,AMR,SLV,94,94.0,,,
462,SDGIHR,PUBLISHED,2011,AFR,GNQ,1,1.0,,,
463,SDGIHR,PUBLISHED,2013,AFR,GNQ,27,27.0,,,
464,SDGIHR,PUBLISHED,2010,AFR,ERI,44,44.0,,,
465,SDGIHR,PUBLISHED,2011,AFR,ERI,45,45.0,,,
466,SDGIHR,PUBLISHED,2013,AFR,ERI,59,59.0,,,
467,SDGIHR,PUBLISHED,2014,AFR,ERI,70,70.0,,,
468,SDGIHR,PUBLISHED,2015,AFR,ERI,71,71.0,,,
469,SDGIHR,PUBLISHED,2016,AFR,ERI,49,49.0,,,
470,SDGIHR,PUBLISHED,2010,EUR,EST,65,65.0,,,
471,SDGIHR,PUBLISHED,2011,EUR,EST,66,66.0,,,
472,SDGIHR,PUBLISHED,2012,EUR,EST,64,64.0,,,
473,SDGIHR,PUBLISHED,2013,EUR,EST,77,77.0,,,
474,SDGIHR,PUBLISHED,2014,EUR,EST,77,77.0,,,
475,SDGIHR,PUBLISHED,2015,EUR,EST,72,72.0,,,
476,SDGIHR,PUBLISHED,2016,EUR,EST,71,71.0,,,
477,SDGIHR,PUBLISHED,2010,AFR,ETH,40,40.0,,,
478,SDGIHR,PUBLISHED,2011,AFR,ETH,70,70.0,,,
479,SDGIHR,PUBLISHED,2012,AFR,ETH,77,77.0,,,
480,SDGIHR,PUBLISHED,2014,AFR,ETH,77,77.0,,,
481,SDGIHR,PUBLISHED,2015,AFR,ETH,78,78.0,,,
482,SDGIHR,PUBLISHED,2016,AFR,ETH,79,79.0,,,
483,SDGIHR,PUBLISHED,2010,WPR,FJI,31,31.0,,,
484,SDGIHR,PUBLISHED,2012,WPR,FJI,43,43.0,,,
485,SDGIHR,PUBLISHED,2013,WPR,FJI,95,95.0,,,
486,SDGIHR,PUBLISHED,2014,WPR,FJI,98,98.0,,,
487,SDGIHR,PUBLISHED,2010,EUR,FIN,83,83.0,,,
488,SDGIHR,PUBLISHED,2011,EUR,FIN,86,86.0,,,
489,SDGIHR,PUBLISHED,2012,EUR,FIN,96,96.0,,,
490,SDGIHR,PUBLISHED,2013,EUR,FIN,88,88.0,,,
491,SDGIHR,PUBLISHED,2014,EUR,FIN,88,88.0,,,
492,SDGIHR,PUBLISHED,2015,EUR,FIN,96,96.0,,,
493,SDGIHR,PUBLISHED,2010,EUR,FRA,63,63.0,,,
494,SDGIHR,PUBLISHED,2011,EUR,FRA,78,78.0,,,
495,SDGIHR,PUBLISHED,2012,EUR,FRA,81,81.0,,,
496,SDGIHR,PUBLISHED,2013,EUR,FRA,85,85.0,,,
497,SDGIHR,PUBLISHED,2014,EUR,FRA,86,86.0,,,
498,SDGIHR,PUBLISHED,2015,EUR,FRA,89,89.0,,,
499,SDGIHR,PUBLISHED,2016,EUR,FRA,89,89.0,,,
500,SDGIHR,PUBLISHED,2011,AFR,GAB,48,48.0,,,
501,SDGIHR,PUBLISHED,2016,AFR,GAB,52,52.0,,,
502,SDGIHR,PUBLISHED,2010,AFR,GMB,50,50.0,,,
503,SDGIHR,PUBLISHED,2011,AFR,GMB,53,53.0,,,
504,SDGIHR,PUBLISHED,2013,AFR,GMB,62,62.0,,,
505,SDGIHR,PUBLISHED,2014,AFR,GMB,33,33.0,,,
506,SDGIHR,PUBLISHED,2010,EUR,GEO,93,93.0,,,
507,SDGIHR,PUBLISHED,2011,EUR,GEO,91,91.0,,,
508,SDGIHR,PUBLISHED,2012,EUR,GEO,89,89.0,,,
509,SDGIHR,PUBLISHED,2013,EUR,GEO,91,91.0,,,
510,SDGIHR,PUBLISHED,2014,EUR,GEO,90,90.0,,,
511,SDGIHR,PUBLISHED,2015,EUR,GEO,81,81.0,,,
512,SDGIHR,PUBLISHED,2016,EUR,GEO,82,82.0,,,
513,SDGIHR,PUBLISHED,2010,EUR,DEU,81,81.0,,,
514,SDGIHR,PUBLISHED,2011,EUR,DEU,86,86.0,,,
515,SDGIHR,PUBLISHED,2012,EUR,DEU,92,92.0,,,
516,SDGIHR,PUBLISHED,2014,EUR,DEU,99,99.0,,,
517,SDGIHR,PUBLISHED,2010,AFR,GHA,57,57.0,,,
518,SDGIHR,PUBLISHED,2011,AFR,GHA,39,39.0,,,
519,SDGIHR,PUBLISHED,2012,AFR,GHA,51,51.0,,,
520,SDGIHR,PUBLISHED,2013,AFR,GHA,66,66.0,,,
521,SDGIHR,PUBLISHED,2014,AFR,GHA,69,69.0,,,
522,SDGIHR,PUBLISHED,2016,AFR,GHA,74,74.0,,,
523,SDGIHR,PUBLISHED,2010,EUR,GRC,76,76.0,,,
524,SDGIHR,PUBLISHED,2011,AMR,GRD,57,57.0,,,
525,SDGIHR,PUBLISHED,2012,AMR,GRD,48,48.0,,,
526,SDGIHR,PUBLISHED,2013,AMR,GRD,58,58.0,,,
527,SDGIHR,PUBLISHED,2015,AMR,GRD,66,66.0,,,
528,SDGIHR,PUBLISHED,2016,AMR,GRD,66,66.0,,,
529,SDGIHR,PUBLISHED,2011,AMR,GTM,62,62.0,,,
530,SDGIHR,PUBLISHED,2012,AMR,GTM,66,66.0,,,
531,SDGIHR,PUBLISHED,2013,AMR,GTM,88,88.0,,,
532,SDGIHR,PUBLISHED,2014,AMR,GTM,59,59.0,,,
533,SDGIHR,PUBLISHED,2015,AMR,GTM,85,85.0,,,
534,SDGIHR,PUBLISHED,2016,AMR,GTM,55,55.0,,,
535,SDGIHR,PUBLISHED,2011,AFR,GIN,13,13.0,,,
536,SDGIHR,PUBLISHED,2014,AFR,GIN,52,52.0,,,
537,SDGIHR,PUBLISHED,2015,AFR,GIN,51,51.0,,,
538,SDGIHR,PUBLISHED,2014,AFR,GNB,36,36.0,,,
539,SDGIHR,PUBLISHED,2015,AFR,GNB,50,50.0,,,
540,SDGIHR,PUBLISHED,2016,AFR,GNB,49,49.0,,,
541,SDGIHR,PUBLISHED,2010,AMR,GUY,33,33.0,,,
542,SDGIHR,PUBLISHED,2011,AMR,GUY,73,73.0,,,
543,SDGIHR,PUBLISHED,2012,AMR,GUY,76,76.0,,,
544,SDGIHR,PUBLISHED,2013,AMR,GUY,77,77.0,,,
545,SDGIHR,PUBLISHED,2014,AMR,GUY,79,79.0,,,
546,SDGIHR,PUBLISHED,2015,AMR,GUY,81,81.0,,,
547,SDGIHR,PUBLISHED,2011,AMR,HTI,30,30.0,,,
548,SDGIHR,PUBLISHED,2013,AMR,HTI,45,45.0,,,
549,SDGIHR,PUBLISHED,2014,AMR,HTI,41,41.0,,,
550,SDGIHR,PUBLISHED,2015,AMR,HTI,48,48.0,,,
551,SDGIHR,PUBLISHED,2016,AMR,HTI,56,56.0,,,
552,SDGIHR,PUBLISHED,2010,AMR,HND,46,46.0,,,
553,SDGIHR,PUBLISHED,2011,AMR,HND,44,44.0,,,
554,SDGIHR,PUBLISHED,2012,AMR,HND,49,49.0,,,
555,SDGIHR,PUBLISHED,2013,AMR,HND,52,52.0,,,
556,SDGIHR,PUBLISHED,2014,AMR,HND,49,49.0,,,
557,SDGIHR,PUBLISHED,2015,AMR,HND,74,74.0,,,
558,SDGIHR,PUBLISHED,2016,AMR,HND,83,83.0,,,
559,SDGIHR,PUBLISHED,2010,EUR,HUN,68,68.0,,,
560,SDGIHR,PUBLISHED,2011,EUR,HUN,87,87.0,,,
561,SDGIHR,PUBLISHED,2012,EUR,HUN,81,81.0,,,
562,SDGIHR,PUBLISHED,2013,EUR,HUN,97,97.0,,,
563,SDGIHR,PUBLISHED,2014,EUR,HUN,82,82.0,,,
564,SDGIHR,PUBLISHED,2015,EUR,HUN,86,86.0,,,
565,SDGIHR,PUBLISHED,2016,EUR,HUN,85,85.0,,,
566,SDGIHR,PUBLISHED,2011,EUR,ISL,61,61.0,,,
567,SDGIHR,PUBLISHED,2012,EUR,ISL,79,79.0,,,
568,SDGIHR,PUBLISHED,2014,EUR,ISL,84,84.0,,,
569,SDGIHR,PUBLISHED,2016,EUR,ISL,72,72.0,,,
570,SDGIHR,PUBLISHED,2010,SEAR,IND,73,73.0,,,
571,SDGIHR,PUBLISHED,2011,SEAR,IND,68,68.0,,,
572,SDGIHR,PUBLISHED,2012,SEAR,IND,84,84.0,,,
573,SDGIHR,PUBLISHED,2013,SEAR,IND,94,94.0,,,
574,SDGIHR,PUBLISHED,2016,SEAR,IND,98,98.0,,,
575,SDGIHR,PUBLISHED,2010,SEAR,IDN,83,83.0,,,
576,SDGIHR,PUBLISHED,2011,SEAR,IDN,82,82.0,,,
577,SDGIHR,PUBLISHED,2012,SEAR,IDN,86,86.0,,,
578,SDGIHR,PUBLISHED,2013,SEAR,IDN,93,93.0,,,
579,SDGIHR,PUBLISHED,2014,SEAR,IDN,95,95.0,,,
580,SDGIHR,PUBLISHED,2015,SEAR,IDN,96,96.0,,,
581,SDGIHR,PUBLISHED,2016,SEAR,IDN,99,99.0,,,
582,SDGIHR,PUBLISHED,2010,EMR,IRN,64,64.0,,,
583,SDGIHR,PUBLISHED,2011,EMR,IRN,66,66.0,,,
584,SDGIHR,PUBLISHED,2012,EMR,IRN,91,91.0,,,
585,SDGIHR,PUBLISHED,2013,EMR,IRN,92,92.0,,,
586,SDGIHR,PUBLISHED,2014,EMR,IRN,84,84.0,,,
587,SDGIHR,PUBLISHED,2015,EMR,IRN,85,85.0,,,
588,SDGIHR,PUBLISHED,2010,EMR,IRQ,49,49.0,,,
589,SDGIHR,PUBLISHED,2011,EMR,IRQ,70,70.0,,,
590,SDGIHR,PUBLISHED,2012,EMR,IRQ,72,72.0,,,
591,SDGIHR,PUBLISHED,2013,EMR,IRQ,93,93.0,,,
592,SDGIHR,PUBLISHED,2014,EMR,IRQ,91,91.0,,,
593,SDGIHR,PUBLISHED,2010,EUR,IRL,52,52.0,,,
594,SDGIHR,PUBLISHED,2011,EUR,IRL,51,51.0,,,
595,SDGIHR,PUBLISHED,2012,EUR,IRL,78,78.0,,,
596,SDGIHR,PUBLISHED,2010,EUR,ISR,55,55.0,,,
597,SDGIHR,PUBLISHED,2015,EUR,ISR,71,71.0,,,
598,SDGIHR,PUBLISHED,2016,EUR,ISR,71,71.0,,,
599,SDGIHR,PUBLISHED,2010,EUR,ITA,75,75.0,,,
600,SDGIHR,PUBLISHED,2011,EUR,ITA,77,77.0,,,
601,SDGIHR,PUBLISHED,2016,EUR,ITA,90,90.0,,,
602,SDGIHR,PUBLISHED,2010,AMR,JAM,32,32.0,,,
603,SDGIHR,PUBLISHED,2011,AMR,JAM,83,83.0,,,
604,SDGIHR,PUBLISHED,2012,AMR,JAM,79,79.0,,,
605,SDGIHR,PUBLISHED,2013,AMR,JAM,61,61.0,,,
606,SDGIHR,PUBLISHED,2014,AMR,JAM,55,55.0,,,
607,SDGIHR,PUBLISHED,2015,AMR,JAM,81,81.0,,,
608,SDGIHR,PUBLISHED,2016,AMR,JAM,83,83.0,,,
609,SDGIHR,PUBLISHED,2010,WPR,JPN,94,94.0,,,
610,SDGIHR,PUBLISHED,2011,WPR,JPN,99,99.0,,,
611,SDGIHR,PUBLISHED,2012,WPR,JPN,99,99.0,,,
612,SDGIHR,PUBLISHED,2013,WPR,JPN,99,99.0,,,
613,SDGIHR,PUBLISHED,2014,WPR,JPN,97,97.0,,,
614,SDGIHR,PUBLISHED,2015,WPR,JPN,100,100.0,,,
615,SDGIHR,PUBLISHED,2016,WPR,JPN,100,100.0,,,
616,SDGIHR,PUBLISHED,2010,EMR,JOR,84,84.0,,,
617,SDGIHR,PUBLISHED,2011,EMR,JOR,88,88.0,,,
618,SDGIHR,PUBLISHED,2012,EMR,JOR,85,85.0,,,
619,SDGIHR,PUBLISHED,2013,EMR,JOR,85,85.0,,,
620,SDGIHR,PUBLISHED,2014,EMR,JOR,97,97.0,,,
621,SDGIHR,PUBLISHED,2016,EMR,JOR,78,78.0,,,
622,SDGIHR,PUBLISHED,2011,EUR,KAZ,83,83.0,,,
623,SDGIHR,PUBLISHED,2012,EUR,KAZ,86,86.0,,,
624,SDGIHR,PUBLISHED,2013,EUR,KAZ,82,82.0,,,
625,SDGIHR,PUBLISHED,2014,EUR,KAZ,85,85.0,,,
626,SDGIHR,PUBLISHED,2015,EUR,KAZ,78,78.0,,,
627,SDGIHR,PUBLISHED,2010,AFR,KEN,61,61.0,,,
628,SDGIHR,PUBLISHED,2011,AFR,KEN,73,73.0,,,
629,SDGIHR,PUBLISHED,2012,AFR,KEN,66,66.0,,,
630,SDGIHR,PUBLISHED,2013,AFR,KEN,69,69.0,,,
631,SDGIHR,PUBLISHED,2010,WPR,KIR,59,59.0,,,
632,SDGIHR,PUBLISHED,2011,WPR,KIR,57,57.0,,,
633,SDGIHR,PUBLISHED,2012,WPR,KIR,65,65.0,,,
634,SDGIHR,PUBLISHED,2013,WPR,KIR,70,70.0,,,
635,SDGIHR,PUBLISHED,2014,WPR,KIR,60,60.0,,,
636,SDGIHR,PUBLISHED,2010,EMR,KWT,63,63.0,,,
637,SDGIHR,PUBLISHED,2011,EMR,KWT,73,73.0,,,
638,SDGIHR,PUBLISHED,2012,EMR,KWT,77,77.0,,,
639,SDGIHR,PUBLISHED,2013,EMR,KWT,86,86.0,,,
640,SDGIHR,PUBLISHED,2014,EMR,KWT,85,85.0,,,
641,SDGIHR,PUBLISHED,2015,EMR,KWT,86,86.0,,,
642,SDGIHR,PUBLISHED,2016,EMR,KWT,85,85.0,,,
643,SDGIHR,PUBLISHED,2011,EUR,KGZ,50,50.0,,,
644,SDGIHR,PUBLISHED,2010,WPR,LAO,51,51.0,,,
645,SDGIHR,PUBLISHED,2011,WPR,LAO,50,50.0,,,
646,SDGIHR,PUBLISHED,2012,WPR,LAO,31,31.0,,,
647,SDGIHR,PUBLISHED,2013,WPR,LAO,55,55.0,,,
648,SDGIHR,PUBLISHED,2014,WPR,LAO,60,60.0,,,
649,SDGIHR,PUBLISHED,2015,WPR,LAO,74,74.0,,,
650,SDGIHR,PUBLISHED,2016,WPR,LAO,75,75.0,,,
651,SDGIHR,PUBLISHED,2010,EUR,LVA,65,65.0,,,
652,SDGIHR,PUBLISHED,2011,EUR,LVA,79,79.0,,,
653,SDGIHR,PUBLISHED,2012,EUR,LVA,83,83.0,,,
654,SDGIHR,PUBLISHED,2014,EUR,LVA,91,91.0,,,
655,SDGIHR,PUBLISHED,2015,EUR,LVA,90,90.0,,,
656,SDGIHR,PUBLISHED,2016,EUR,LVA,91,91.0,,,
657,SDGIHR,PUBLISHED,2010,EMR,LBN,55,55.0,,,
658,SDGIHR,PUBLISHED,2011,EMR,LBN,51,51.0,,,
659,SDGIHR,PUBLISHED,2012,EMR,LBN,57,57.0,,,
660,SDGIHR,PUBLISHED,2013,EMR,LBN,71,71.0,,,
661,SDGIHR,PUBLISHED,2014,EMR,LBN,76,76.0,,,
662,SDGIHR,PUBLISHED,2010,AFR,LSO,42,42.0,,,
663,SDGIHR,PUBLISHED,2011,AFR,LSO,47,47.0,,,
664,SDGIHR,PUBLISHED,2013,AFR,LSO,63,63.0,,,
665,SDGIHR,PUBLISHED,2016,AFR,LSO,74,74.0,,,
666,SDGIHR,PUBLISHED,2010,AFR,LBR,38,38.0,,,
667,SDGIHR,PUBLISHED,2011,AFR,LBR,26,26.0,,,
668,SDGIHR,PUBLISHED,2010,EMR,LBY,54,54.0,,,
669,SDGIHR,PUBLISHED,2011,EMR,LBY,55,55.0,,,
670,SDGIHR,PUBLISHED,2012,EMR,LBY,44,44.0,,,
671,SDGIHR,PUBLISHED,2013,EMR,LBY,60,60.0,,,
672,SDGIHR,PUBLISHED,2014,EMR,LBY,65,65.0,,,
673,SDGIHR,PUBLISHED,2015,EMR,LBY,65,65.0,,,
674,SDGIHR,PUBLISHED,2016,EMR,LBY,64,64.0,,,
675,SDGIHR,PUBLISHED,2010,EUR,LTU,71,71.0,,,
676,SDGIHR,PUBLISHED,2011,EUR,LTU,77,77.0,,,
677,SDGIHR,PUBLISHED,2012,EUR,LTU,84,84.0,,,
678,SDGIHR,PUBLISHED,2013,EUR,LTU,85,85.0,,,
679,SDGIHR,PUBLISHED,2014,EUR,LTU,82,82.0,,,
680,SDGIHR,PUBLISHED,2015,EUR,LTU,83,83.0,,,
681,SDGIHR,PUBLISHED,2016,EUR,LTU,82,82.0,,,
682,SDGIHR,PUBLISHED,2010,EUR,LUX,44,44.0,,,
683,SDGIHR,PUBLISHED,2011,EUR,LUX,64,64.0,,,
684,SDGIHR,PUBLISHED,2012,EUR,LUX,62,62.0,,,
685,SDGIHR,PUBLISHED,2013,EUR,LUX,87,87.0,,,
686,SDGIHR,PUBLISHED,2014,EUR,LUX,88,88.0,,,
687,SDGIHR,PUBLISHED,2015,EUR,LUX,88,88.0,,,
688,SDGIHR,PUBLISHED,2016,EUR,LUX,88,88.0,,,
689,SDGIHR,PUBLISHED,2011,AFR,MDG,27,27.0,,,
690,SDGIHR,PUBLISHED,2013,AFR,MDG,29,29.0,,,
691,SDGIHR,PUBLISHED,2014,AFR,MDG,29,29.0,,,
692,SDGIHR,PUBLISHED,2011,AFR,MWI,64,64.0,,,
693,SDGIHR,PUBLISHED,2014,AFR,MWI,40,40.0,,,
694,SDGIHR,PUBLISHED,2010,WPR,MYS,91,91.0,,,
695,SDGIHR,PUBLISHED,2011,WPR,MYS,100,100.0,,,
696,SDGIHR,PUBLISHED,2012,WPR,MYS,100,100.0,,,
697,SDGIHR,PUBLISHED,2013,WPR,MYS,100,100.0,,,
698,SDGIHR,PUBLISHED,2014,WPR,MYS,100,100.0,,,
699,SDGIHR,PUBLISHED,2015,WPR,MYS,99,99.0,,,
700,SDGIHR,PUBLISHED,2016,WPR,MYS,100,100.0,,,
701,SDGIHR,PUBLISHED,2010,SEAR,MDV,64,64.0,,,
702,SDGIHR,PUBLISHED,2011,SEAR,MDV,49,49.0,,,
703,SDGIHR,PUBLISHED,2012,SEAR,MDV,58,58.0,,,
704,SDGIHR,PUBLISHED,2013,SEAR,MDV,68,68.0,,,
705,SDGIHR,PUBLISHED,2014,SEAR,MDV,66,66.0,,,
706,SDGIHR,PUBLISHED,2015,SEAR,MDV,60,60.0,,,
707,SDGIHR,PUBLISHED,2016,SEAR,MDV,60,60.0,,,
708,SDGIHR,PUBLISHED,2011,AFR,MLI,55,55.0,,,
709,SDGIHR,PUBLISHED,2011,EUR,MLT,59,59.0,,,
710,SDGIHR,PUBLISHED,2012,EUR,MLT,70,70.0,,,
711,SDGIHR,PUBLISHED,2013,EUR,MLT,76,76.0,,,
712,SDGIHR,PUBLISHED,2014,EUR,MLT,76,76.0,,,
713,SDGIHR,PUBLISHED,2016,EUR,MLT,85,85.0,,,
714,SDGIHR,PUBLISHED,2010,WPR,MHL,73,73.0,,,
715,SDGIHR,PUBLISHED,2011,WPR,MHL,53,53.0,,,
716,SDGIHR,PUBLISHED,2012,WPR,MHL,46,46.0,,,
717,SDGIHR,PUBLISHED,2013,WPR,MHL,51,51.0,,,
718,SDGIHR,PUBLISHED,2010,AFR,MRT,27,27.0,,,
719,SDGIHR,PUBLISHED,2011,AFR,MRT,20,20.0,,,
720,SDGIHR,PUBLISHED,2012,AFR,MRT,25,25.0,,,
721,SDGIHR,PUBLISHED,2014,AFR,MRT,31,31.0,,,
722,SDGIHR,PUBLISHED,2015,AFR,MRT,28,28.0,,,
723,SDGIHR,PUBLISHED,2013,AFR,MUS,55,55.0,,,
724,SDGIHR,PUBLISHED,2014,AFR,MUS,68,68.0,,,
725,SDGIHR,PUBLISHED,2015,AFR,MUS,68,68.0,,,
726,SDGIHR,PUBLISHED,2016,AFR,MUS,70,70.0,,,
727,SDGIHR,PUBLISHED,2010,AMR,MEX,43,43.0,,,
728,SDGIHR,PUBLISHED,2011,AMR,MEX,66,66.0,,,
729,SDGIHR,PUBLISHED,2012,AMR,MEX,76,76.0,,,
730,SDGIHR,PUBLISHED,2013,AMR,MEX,89,89.0,,,
731,SDGIHR,PUBLISHED,2014,AMR,MEX,95,95.0,,,
732,SDGIHR,PUBLISHED,2015,AMR,MEX,96,96.0,,,
733,SDGIHR,PUBLISHED,2016,AMR,MEX,97,97.0,,,
734,SDGIHR,PUBLISHED,2010,WPR,FSM,32,32.0,,,
735,SDGIHR,PUBLISHED,2011,WPR,FSM,36,36.0,,,
736,SDGIHR,PUBLISHED,2012,WPR,FSM,73,73.0,,,
737,SDGIHR,PUBLISHED,2013,WPR,FSM,35,35.0,,,
738,SDGIHR,PUBLISHED,2014,WPR,FSM,62,62.0,,,
739,SDGIHR,PUBLISHED,2015,WPR,FSM,64,64.0,,,
740,SDGIHR,PUBLISHED,2016,WPR,FSM,86,86.0,,,
741,SDGIHR,PUBLISHED,2011,EUR,MCO,59,59.0,,,
742,SDGIHR,PUBLISHED,2012,EUR,MCO,63,63.0,,,
743,SDGIHR,PUBLISHED,2013,EUR,MCO,73,73.0,,,
744,SDGIHR,PUBLISHED,2014,EUR,MCO,79,79.0,,,
745,SDGIHR,PUBLISHED,2016,EUR,MCO,79,79.0,,,
746,SDGIHR,PUBLISHED,2010,WPR,MNG,81,81.0,,,
747,SDGIHR,PUBLISHED,2011,WPR,MNG,82,82.0,,,
748,SDGIHR,PUBLISHED,2012,WPR,MNG,69,69.0,,,
749,SDGIHR,PUBLISHED,2013,WPR,MNG,79,79.0,,,
750,SDGIHR,PUBLISHED,2014,WPR,MNG,75,75.0,,,
751,SDGIHR,PUBLISHED,2015,WPR,MNG,86,86.0,,,
752,SDGIHR,PUBLISHED,2012,EUR,MNE,56,56.0,,,
753,SDGIHR,PUBLISHED,2013,EUR,MNE,55,55.0,,,
754,SDGIHR,PUBLISHED,2014,EUR,MNE,55,55.0,,,
755,SDGIHR,PUBLISHED,2015,EUR,MNE,55,55.0,,,
756,SDGIHR,PUBLISHED,2016,EUR,MNE,56,56.0,,,
757,SDGIHR,PUBLISHED,2010,EMR,MAR,84,84.0,,,
758,SDGIHR,PUBLISHED,2011,EMR,MAR,89,89.0,,,
759,SDGIHR,PUBLISHED,2012,EMR,MAR,92,92.0,,,
760,SDGIHR,PUBLISHED,2013,EMR,MAR,97,97.0,,,
761,SDGIHR,PUBLISHED,2014,EMR,MAR,95,95.0,,,
762,SDGIHR,PUBLISHED,2016,EMR,MAR,95,95.0,,,
763,SDGIHR,PUBLISHED,2010,AFR,MOZ,28,28.0,,,
764,SDGIHR,PUBLISHED,2011,AFR,MOZ,53,53.0,,,
765,SDGIHR,PUBLISHED,2012,AFR,MOZ,51,51.0,,,
766,SDGIHR,PUBLISHED,2013,AFR,MOZ,54,54.0,,,
767,SDGIHR,PUBLISHED,2015,AFR,MOZ,67,67.0,,,
768,SDGIHR,PUBLISHED,2010,SEAR,MMR,73,73.0,,,
769,SDGIHR,PUBLISHED,2011,SEAR,MMR,93,93.0,,,
770,SDGIHR,PUBLISHED,2012,SEAR,MMR,82,82.0,,,
771,SDGIHR,PUBLISHED,2013,SEAR,MMR,84,84.0,,,
772,SDGIHR,PUBLISHED,2014,SEAR,MMR,84,84.0,,,
773,SDGIHR,PUBLISHED,2015,SEAR,MMR,86,86.0,,,
774,SDGIHR,PUBLISHED,2016,SEAR,MMR,84,84.0,,,
775,SDGIHR,PUBLISHED,2014,AFR,NAM,66,66.0,,,
776,SDGIHR,PUBLISHED,2016,AFR,NAM,81,81.0,,,
777,SDGIHR,PUBLISHED,2010,WPR,NRU,41,41.0,,,
778,SDGIHR,PUBLISHED,2014,WPR,NRU,42,42.0,,,
779,SDGIHR,PUBLISHED,2010,SEAR,NPL,45,45.0,,,
780,SDGIHR,PUBLISHED,2011,SEAR,NPL,52,52.0,,,
781,SDGIHR,PUBLISHED,2012,SEAR,NPL,42,42.0,,,
782,SDGIHR,PUBLISHED,2013,SEAR,NPL,61,61.0,,,
783,SDGIHR,PUBLISHED,2014,SEAR,NPL,66,66.0,,,
784,SDGIHR,PUBLISHED,2015,SEAR,NPL,72,72.0,,,
785,SDGIHR,PUBLISHED,2016,SEAR,NPL,72,72.0,,,
786,SDGIHR,PUBLISHED,2011,EUR,NLD,72,72.0,,,
787,SDGIHR,PUBLISHED,2012,EUR,NLD,85,85.0,,,
788,SDGIHR,PUBLISHED,2013,EUR,NLD,91,91.0,,,
789,SDGIHR,PUBLISHED,2014,EUR,NLD,91,91.0,,,
790,SDGIHR,PUBLISHED,2015,EUR,NLD,94,94.0,,,
791,SDGIHR,PUBLISHED,2016,EUR,NLD,94,94.0,,,
792,SDGIHR,PUBLISHED,2010,WPR,NZL,86,86.0,,,
793,SDGIHR,PUBLISHED,2011,WPR,NZL,93,93.0,,,
794,SDGIHR,PUBLISHED,2012,WPR,NZL,96,96.0,,,
795,SDGIHR,PUBLISHED,2013,WPR,NZL,98,98.0,,,
796,SDGIHR,PUBLISHED,2014,WPR,NZL,99,99.0,,,
797,SDGIHR,PUBLISHED,2015,WPR,NZL,98,98.0,,,
798,SDGIHR,PUBLISHED,2016,WPR,NZL,96,96.0,,,
799,SDGIHR,PUBLISHED,2011,AMR,NIC,71,71.0,,,
800,SDGIHR,PUBLISHED,2012,AMR,NIC,76,76.0,,,
801,SDGIHR,PUBLISHED,2013,AMR,NIC,88,88.0,,,
802,SDGIHR,PUBLISHED,2014,AMR,NIC,93,93.0,,,
803,SDGIHR,PUBLISHED,2015,AMR,NIC,76,76.0,,,
804,SDGIHR,PUBLISHED,2016,AMR,NIC,88,88.0,,,
805,SDGIHR,PUBLISHED,2013,AFR,NER,74,74.0,,,
806,SDGIHR,PUBLISHED,2015,AFR,NER,73,73.0,,,
807,SDGIHR,PUBLISHED,2016,AFR,NER,75,75.0,,,
808,SDGIHR,PUBLISHED,2011,AFR,NGA,38,38.0,,,
809,SDGIHR,PUBLISHED,2012,AFR,NGA,36,36.0,,,
810,SDGIHR,PUBLISHED,2013,AFR,NGA,52,52.0,,,
811,SDGIHR,PUBLISHED,2014,AFR,NGA,57,57.0,,,
812,SDGIHR,PUBLISHED,2015,AFR,NGA,67,67.0,,,
813,SDGIHR,PUBLISHED,2016,AFR,NGA,66,66.0,,,
814,SDGIHR,PUBLISHED,2012,WPR,NIU,41,41.0,,,
815,SDGIHR,PUBLISHED,2013,WPR,NIU,54,54.0,,,
816,SDGIHR,PUBLISHED,2014,WPR,NIU,61,61.0,,,
817,SDGIHR,PUBLISHED,2012,EUR,NOR,93,93.0,,,
818,SDGIHR,PUBLISHED,2013,EUR,NOR,98,98.0,,,
819,SDGIHR,PUBLISHED,2014,EUR,NOR,98,98.0,,,
820,SDGIHR,PUBLISHED,2015,EUR,NOR,98,98.0,,,
821,SDGIHR,PUBLISHED,2016,EUR,NOR,98,98.0,,,
822,SDGIHR,PUBLISHED,2010,EMR,OMN,75,75.0,,,
823,SDGIHR,PUBLISHED,2011,EMR,OMN,98,98.0,,,
824,SDGIHR,PUBLISHED,2012,EMR,OMN,92,92.0,,,
825,SDGIHR,PUBLISHED,2013,EMR,OMN,86,86.0,,,
826,SDGIHR,PUBLISHED,2014,EMR,OMN,80,80.0,,,
827,SDGIHR,PUBLISHED,2015,EMR,OMN,94,94.0,,,
828,SDGIHR,PUBLISHED,2016,EMR,OMN,95,95.0,,,
829,SDGIHR,PUBLISHED,2010,EMR,PAK,24,24.0,,,
830,SDGIHR,PUBLISHED,2012,EMR,PAK,33,33.0,,,
831,SDGIHR,PUBLISHED,2013,EMR,PAK,42,42.0,,,
832,SDGIHR,PUBLISHED,2014,EMR,PAK,43,43.0,,,
833,SDGIHR,PUBLISHED,2016,EMR,PAK,53,53.0,,,
834,SDGIHR,PUBLISHED,2010,WPR,PLW,58,58.0,,,
835,SDGIHR,PUBLISHED,2011,WPR,PLW,79,79.0,,,
836,SDGIHR,PUBLISHED,2012,WPR,PLW,90,90.0,,,
837,SDGIHR,PUBLISHED,2013,WPR,PLW,84,84.0,,,
838,SDGIHR,PUBLISHED,2014,WPR,PLW,92,92.0,,,
839,SDGIHR,PUBLISHED,2015,WPR,PLW,91,91.0,,,
840,SDGIHR,PUBLISHED,2016,WPR,PLW,91,91.0,,,
841,SDGIHR,PUBLISHED,2011,AMR,PAN,65,65.0,,,
842,SDGIHR,PUBLISHED,2012,AMR,PAN,78,78.0,,,
843,SDGIHR,PUBLISHED,2013,AMR,PAN,71,71.0,,,
844,SDGIHR,PUBLISHED,2014,AMR,PAN,68,68.0,,,
845,SDGIHR,PUBLISHED,2015,AMR,PAN,68,68.0,,,
846,SDGIHR,PUBLISHED,2016,AMR,PAN,71,71.0,,,
847,SDGIHR,PUBLISHED,2011,WPR,PNG,47,47.0,,,
848,SDGIHR,PUBLISHED,2012,WPR,PNG,46,46.0,,,
849,SDGIHR,PUBLISHED,2013,WPR,PNG,54,54.0,,,
850,SDGIHR,PUBLISHED,2014,WPR,PNG,64,64.0,,,
851,SDGIHR,PUBLISHED,2011,AMR,PRY,83,83.0,,,
852,SDGIHR,PUBLISHED,2012,AMR,PRY,60,60.0,,,
853,SDGIHR,PUBLISHED,2013,AMR,PRY,75,75.0,,,
854,SDGIHR,PUBLISHED,2015,AMR,PRY,82,82.0,,,
855,SDGIHR,PUBLISHED,2016,AMR,PRY,79,79.0,,,
856,SDGIHR,PUBLISHED,2012,AMR,PER,62,62.0,,,
857,SDGIHR,PUBLISHED,2013,AMR,PER,75,75.0,,,
858,SDGIHR,PUBLISHED,2014,AMR,PER,85,85.0,,,
859,SDGIHR,PUBLISHED,2015,AMR,PER,89,89.0,,,
860,SDGIHR,PUBLISHED,2016,AMR,PER,70,70.0,,,
861,SDGIHR,PUBLISHED,2010,WPR,PHL,54,54.0,,,
862,SDGIHR,PUBLISHED,2011,WPR,PHL,74,74.0,,,
863,SDGIHR,PUBLISHED,2012,WPR,PHL,75,75.0,,,
864,SDGIHR,PUBLISHED,2013,WPR,PHL,75,75.0,,,
865,SDGIHR,PUBLISHED,2014,WPR,PHL,84,84.0,,,
866,SDGIHR,PUBLISHED,2015,WPR,PHL,84,84.0,,,
867,SDGIHR,PUBLISHED,2016,WPR,PHL,87,87.0,,,
868,SDGIHR,PUBLISHED,2010,EUR,POL,66,66.0,,,
869,SDGIHR,PUBLISHED,2011,EUR,POL,73,73.0,,,
870,SDGIHR,PUBLISHED,2012,EUR,POL,76,76.0,,,
871,SDGIHR,PUBLISHED,2013,EUR,POL,82,82.0,,,
872,SDGIHR,PUBLISHED,2014,EUR,POL,74,74.0,,,
873,SDGIHR,PUBLISHED,2016,EUR,POL,74,74.0,,,
874,SDGIHR,PUBLISHED,2011,EUR,PRT,93,93.0,,,
875,SDGIHR,PUBLISHED,2014,EUR,PRT,93,93.0,,,
876,SDGIHR,PUBLISHED,2015,EUR,PRT,94,94.0,,,
877,SDGIHR,PUBLISHED,2016,EUR,PRT,93,93.0,,,
878,SDGIHR,PUBLISHED,2010,EMR,QAT,69,69.0,,,
879,SDGIHR,PUBLISHED,2011,EMR,QAT,84,84.0,,,
880,SDGIHR,PUBLISHED,2012,EMR,QAT,83,83.0,,,
881,SDGIHR,PUBLISHED,2013,EMR,QAT,91,91.0,,,
882,SDGIHR,PUBLISHED,2014,EMR,QAT,97,97.0,,,
883,SDGIHR,PUBLISHED,2010,WPR,KOR,74,74.0,,,
884,SDGIHR,PUBLISHED,2012,WPR,KOR,100,100.0,,,
885,SDGIHR,PUBLISHED,2013,WPR,KOR,100,100.0,,,
886,SDGIHR,PUBLISHED,2014,WPR,KOR,100,100.0,,,
887,SDGIHR,PUBLISHED,2010,EUR,MDA,66,66.0,,,
888,SDGIHR,PUBLISHED,2011,EUR,MDA,75,75.0,,,
889,SDGIHR,PUBLISHED,2012,EUR,MDA,74,74.0,,,
890,SDGIHR,PUBLISHED,2014,EUR,MDA,77,77.0,,,
891,SDGIHR,PUBLISHED,2015,EUR,MDA,78,78.0,,,
892,SDGIHR,PUBLISHED,2016,EUR,MDA,81,81.0,,,
893,SDGIHR,PUBLISHED,2010,EUR,ROU,67,67.0,,,
894,SDGIHR,PUBLISHED,2011,EUR,ROU,69,69.0,,,
895,SDGIHR,PUBLISHED,2013,EUR,ROU,68,68.0,,,
896,SDGIHR,PUBLISHED,2014,EUR,ROU,76,76.0,,,
897,SDGIHR,PUBLISHED,2015,EUR,ROU,78,78.0,,,
898,SDGIHR,PUBLISHED,2016,EUR,ROU,77,77.0,,,
899,SDGIHR,PUBLISHED,2010,EUR,RUS,94,94.0,,,
900,SDGIHR,PUBLISHED,2011,EUR,RUS,96,96.0,,,
901,SDGIHR,PUBLISHED,2014,EUR,RUS,81,81.0,,,
902,SDGIHR,PUBLISHED,2015,EUR,RUS,81,81.0,,,
903,SDGIHR,PUBLISHED,2016,EUR,RUS,99,99.0,,,
904,SDGIHR,PUBLISHED,2013,AFR,RWA,35,35.0,,,
905,SDGIHR,PUBLISHED,2014,AFR,RWA,41,41.0,,,
906,SDGIHR,PUBLISHED,2015,AFR,RWA,41,41.0,,,
907,SDGIHR,PUBLISHED,2012,AMR,KNA,57,57.0,,,
908,SDGIHR,PUBLISHED,2013,AMR,KNA,58,58.0,,,
909,SDGIHR,PUBLISHED,2015,AMR,KNA,60,60.0,,,
910,SDGIHR,PUBLISHED,2010,AMR,LCA,29,29.0,,,
911,SDGIHR,PUBLISHED,2011,AMR,LCA,38,38.0,,,
912,SDGIHR,PUBLISHED,2012,AMR,LCA,38,38.0,,,
913,SDGIHR,PUBLISHED,2014,AMR,LCA,44,44.0,,,
914,SDGIHR,PUBLISHED,2015,AMR,LCA,58,58.0,,,
915,SDGIHR,PUBLISHED,2016,AMR,LCA,77,77.0,,,
916,SDGIHR,PUBLISHED,2012,AMR,VCT,35,35.0,,,
917,SDGIHR,PUBLISHED,2013,AMR,VCT,58,58.0,,,
918,SDGIHR,PUBLISHED,2014,AMR,VCT,49,49.0,,,
919,SDGIHR,PUBLISHED,2015,AMR,VCT,35,35.0,,,
920,SDGIHR,PUBLISHED,2016,AMR,VCT,65,65.0,,,
921,SDGIHR,PUBLISHED,2011,WPR,WSM,67,67.0,,,
922,SDGIHR,PUBLISHED,2012,WPR,WSM,58,58.0,,,
923,SDGIHR,PUBLISHED,2013,WPR,WSM,71,71.0,,,
924,SDGIHR,PUBLISHED,2014,WPR,WSM,76,76.0,,,
925,SDGIHR,PUBLISHED,2015,WPR,WSM,75,75.0,,,
926,SDGIHR,PUBLISHED,2010,EUR,SMR,40,40.0,,,
927,SDGIHR,PUBLISHED,2010,AFR,STP,24,24.0,,,
928,SDGIHR,PUBLISHED,2011,AFR,STP,22,22.0,,,
929,SDGIHR,PUBLISHED,2012,AFR,STP,20,20.0,,,
930,SDGIHR,PUBLISHED,2013,AFR,STP,16,16.0,,,
931,SDGIHR,PUBLISHED,2014,AFR,STP,16,16.0,,,
932,SDGIHR,PUBLISHED,2015,AFR,STP,16,16.0,,,
933,SDGIHR,PUBLISHED,2016,AFR,STP,16,16.0,,,
934,SDGIHR,PUBLISHED,2010,EMR,SAU,90,90.0,,,
935,SDGIHR,PUBLISHED,2011,EMR,SAU,96,96.0,,,
936,SDGIHR,PUBLISHED,2012,EMR,SAU,95,95.0,,,
937,SDGIHR,PUBLISHED,2013,EMR,SAU,100,100.0,,,
938,SDGIHR,PUBLISHED,2014,EMR,SAU,99,99.0,,,
939,SDGIHR,PUBLISHED,2016,EMR,SAU,97,97.0,,,
940,SDGIHR,PUBLISHED,2011,AFR,SEN,30,30.0,,,
941,SDGIHR,PUBLISHED,2012,AFR,SEN,30,30.0,,,
942,SDGIHR,PUBLISHED,2011,EUR,SRB,11,11.0,,,
943,SDGIHR,PUBLISHED,2014,EUR,SRB,47,47.0,,,
944,SDGIHR,PUBLISHED,2016,EUR,SRB,40,40.0,,,
945,SDGIHR,PUBLISHED,2010,AFR,SYC,18,18.0,,,
946,SDGIHR,PUBLISHED,2011,AFR,SYC,39,39.0,,,
947,SDGIHR,PUBLISHED,2012,AFR,SYC,42,42.0,,,
948,SDGIHR,PUBLISHED,2013,AFR,SYC,54,54.0,,,
949,SDGIHR,PUBLISHED,2014,AFR,SYC,76,76.0,,,
950,SDGIHR,PUBLISHED,2015,AFR,SYC,82,82.0,,,
951,SDGIHR,PUBLISHED,2016,AFR,SYC,88,88.0,,,
952,SDGIHR,PUBLISHED,2010,AFR,SLE,19,19.0,,,
953,SDGIHR,PUBLISHED,2011,AFR,SLE,58,58.0,,,
954,SDGIHR,PUBLISHED,2013,AFR,SLE,59,59.0,,,
955,SDGIHR,PUBLISHED,2014,AFR,SLE,64,64.0,,,
956,SDGIHR,PUBLISHED,2016,AFR,SLE,47,47.0,,,
957,SDGIHR,PUBLISHED,2010,WPR,SGP,97,97.0,,,
958,SDGIHR,PUBLISHED,2011,WPR,SGP,99,99.0,,,
959,SDGIHR,PUBLISHED,2012,WPR,SGP,99,99.0,,,
960,SDGIHR,PUBLISHED,2013,WPR,SGP,99,99.0,,,
961,SDGIHR,PUBLISHED,2014,WPR,SGP,99,99.0,,,
962,SDGIHR,PUBLISHED,2015,WPR,SGP,99,99.0,,,
963,SDGIHR,PUBLISHED,2016,WPR,SGP,99,99.0,,,
964,SDGIHR,PUBLISHED,2010,EUR,SVK,64,64.0,,,
965,SDGIHR,PUBLISHED,2011,EUR,SVK,73,73.0,,,
966,SDGIHR,PUBLISHED,2012,EUR,SVK,79,79.0,,,
967,SDGIHR,PUBLISHED,2013,EUR,SVK,96,96.0,,,
968,SDGIHR,PUBLISHED,2014,EUR,SVK,95,95.0,,,
969,SDGIHR,PUBLISHED,2015,EUR,SVK,96,96.0,,,
970,SDGIHR,PUBLISHED,2016,EUR,SVK,95,95.0,,,
971,SDGIHR,PUBLISHED,2010,EUR,SVN,70,70.0,,,
972,SDGIHR,PUBLISHED,2011,EUR,SVN,66,66.0,,,
973,SDGIHR,PUBLISHED,2012,EUR,SVN,58,58.0,,,
974,SDGIHR,PUBLISHED,2013,EUR,SVN,61,61.0,,,
975,SDGIHR,PUBLISHED,2014,EUR,SVN,68,68.0,,,
976,SDGIHR,PUBLISHED,2015,EUR,SVN,75,75.0,,,
977,SDGIHR,PUBLISHED,2016,EUR,SVN,74,74.0,,,
978,SDGIHR,PUBLISHED,2012,WPR,SLB,32,32.0,,,
979,SDGIHR,PUBLISHED,2013,WPR,SLB,48,48.0,,,
980,SDGIHR,PUBLISHED,2014,WPR,SLB,56,56.0,,,
981,SDGIHR,PUBLISHED,2015,WPR,SLB,57,57.0,,,
982,SDGIHR,PUBLISHED,2013,EMR,SOM,16,16.0,,,
983,SDGIHR,PUBLISHED,2014,EMR,SOM,6,6.0,,,
984,SDGIHR,PUBLISHED,2010,AFR,ZAF,66,66.0,,,
985,SDGIHR,PUBLISHED,2011,AFR,ZAF,80,80.0,,,
986,SDGIHR,PUBLISHED,2012,AFR,ZAF,75,75.0,,,
987,SDGIHR,PUBLISHED,2013,AFR,ZAF,76,76.0,,,
988,SDGIHR,PUBLISHED,2014,AFR,ZAF,100,100.0,,,
989,SDGIHR,PUBLISHED,2015,AFR,ZAF,100,100.0,,,
990,SDGIHR,PUBLISHED,2013,AFR,SSD,43,43.0,,,
991,SDGIHR,PUBLISHED,2014,AFR,SSD,46,46.0,,,
992,SDGIHR,PUBLISHED,2015,AFR,SSD,50,50.0,,,
993,SDGIHR,PUBLISHED,2010,EUR,ESP,42,42.0,,,
994,SDGIHR,PUBLISHED,2011,EUR,ESP,66,66.0,,,
995,SDGIHR,PUBLISHED,2012,EUR,ESP,87,87.0,,,
996,SDGIHR,PUBLISHED,2013,EUR,ESP,52,52.0,,,
997,SDGIHR,PUBLISHED,2014,EUR,ESP,93,93.0,,,
998,SDGIHR,PUBLISHED,2015,EUR,ESP,90,90.0,,,
999,SDGIHR,PUBLISHED,2016,EUR,ESP,95,95.0,,,
1000,SDGIHR,PUBLISHED,2010,SEAR,LKA,60,60.0,,,
1001,SDGIHR,PUBLISHED,2011,SEAR,LKA,61,61.0,,,
1002,SDGIHR,PUBLISHED,2012,SEAR,LKA,73,73.0,,,
1003,SDGIHR,PUBLISHED,2013,SEAR,LKA,67,67.0,,,
1004,SDGIHR,PUBLISHED,2014,SEAR,LKA,71,71.0,,,
1005,SDGIHR,PUBLISHED,2015,SEAR,LKA,71,71.0,,,
1006,SDGIHR,PUBLISHED,2016,SEAR,LKA,79,79.0,,,
1007,SDGIHR,PUBLISHED,2010,EMR,SDN,40,40.0,,,
1008,SDGIHR,PUBLISHED,2011,EMR,SDN,28,28.0,,,
1009,SDGIHR,PUBLISHED,2012,EMR,SDN,43,43.0,,,
1010,SDGIHR,PUBLISHED,2013,EMR,SDN,66,66.0,,,
1011,SDGIHR,PUBLISHED,2014,EMR,SDN,71,71.0,,,
1012,SDGIHR,PUBLISHED,2011,AMR,SUR,43,43.0,,,
1013,SDGIHR,PUBLISHED,2012,AMR,SUR,48,48.0,,,
1014,SDGIHR,PUBLISHED,2013,AMR,SUR,61,61.0,,,
1015,SDGIHR,PUBLISHED,2014,AMR,SUR,71,71.0,,,
1016,SDGIHR,PUBLISHED,2015,AMR,SUR,71,71.0,,,
1017,SDGIHR,PUBLISHED,2016,AMR,SUR,72,72.0,,,
1018,SDGIHR,PUBLISHED,2010,AFR,SWZ,46,46.0,,,
1019,SDGIHR,PUBLISHED,2011,AFR,SWZ,53,53.0,,,
1020,SDGIHR,PUBLISHED,2012,AFR,SWZ,40,40.0,,,
1021,SDGIHR,PUBLISHED,2013,AFR,SWZ,40,40.0,,,
1022,SDGIHR,PUBLISHED,2014,AFR,SWZ,61,61.0,,,
1023,SDGIHR,PUBLISHED,2015,AFR,SWZ,50,50.0,,,
1024,SDGIHR,PUBLISHED,2010,EUR,SWE,83,83.0,,,
1025,SDGIHR,PUBLISHED,2011,EUR,SWE,88,88.0,,,
1026,SDGIHR,PUBLISHED,2012,EUR,SWE,97,97.0,,,
1027,SDGIHR,PUBLISHED,2013,EUR,SWE,92,92.0,,,
1028,SDGIHR,PUBLISHED,2014,EUR,SWE,92,92.0,,,
1029,SDGIHR,PUBLISHED,2015,EUR,SWE,92,92.0,,,
1030,SDGIHR,PUBLISHED,2016,EUR,SWE,93,93.0,,,
1031,SDGIHR,PUBLISHED,2010,EUR,CHE,79,79.0,,,
1032,SDGIHR,PUBLISHED,2011,EUR,CHE,86,86.0,,,
1033,SDGIHR,PUBLISHED,2012,EUR,CHE,85,85.0,,,
1034,SDGIHR,PUBLISHED,2013,EUR,CHE,88,88.0,,,
1035,SDGIHR,PUBLISHED,2014,EUR,CHE,91,91.0,,,
1036,SDGIHR,PUBLISHED,2015,EUR,CHE,91,91.0,,,
1037,SDGIHR,PUBLISHED,2016,EUR,CHE,92,92.0,,,
1038,SDGIHR,PUBLISHED,2010,EMR,SYR,45,45.0,,,
1039,SDGIHR,PUBLISHED,2011,EMR,SYR,48,48.0,,,
1040,SDGIHR,PUBLISHED,2012,EMR,SYR,58,58.0,,,
1041,SDGIHR,PUBLISHED,2013,EMR,SYR,54,54.0,,,
1042,SDGIHR,PUBLISHED,2014,EMR,SYR,63,63.0,,,
1043,SDGIHR,PUBLISHED,2011,EUR,TJK,80,80.0,,,
1044,SDGIHR,PUBLISHED,2012,EUR,TJK,73,73.0,,,
1045,SDGIHR,PUBLISHED,2014,EUR,TJK,94,94.0,,,
1046,SDGIHR,PUBLISHED,2015,EUR,TJK,89,89.0,,,
1047,SDGIHR,PUBLISHED,2010,SEAR,THA,65,65.0,,,
1048,SDGIHR,PUBLISHED,2011,SEAR,THA,90,90.0,,,
1049,SDGIHR,PUBLISHED,2012,SEAR,THA,82,82.0,,,
1050,SDGIHR,PUBLISHED,2013,SEAR,THA,93,93.0,,,
1051,SDGIHR,PUBLISHED,2014,SEAR,THA,98,98.0,,,
1052,SDGIHR,PUBLISHED,2016,SEAR,THA,98,98.0,,,
1053,SDGIHR,PUBLISHED,2011,EUR,MKD,47,47.0,,,
1054,SDGIHR,PUBLISHED,2013,EUR,MKD,72,72.0,,,
1055,SDGIHR,PUBLISHED,2014,EUR,MKD,88,88.0,,,
1056,SDGIHR,PUBLISHED,2015,EUR,MKD,89,89.0,,,
1057,SDGIHR,PUBLISHED,2016,EUR,MKD,90,90.0,,,
1058,SDGIHR,PUBLISHED,2010,SEAR,TLS,37,37.0,,,
1059,SDGIHR,PUBLISHED,2011,SEAR,TLS,35,35.0,,,
1060,SDGIHR,PUBLISHED,2012,SEAR,TLS,44,44.0,,,
1061,SDGIHR,PUBLISHED,2013,SEAR,TLS,51,51.0,,,
1062,SDGIHR,PUBLISHED,2014,SEAR,TLS,63,63.0,,,
1063,SDGIHR,PUBLISHED,2015,SEAR,TLS,66,66.0,,,
1064,SDGIHR,PUBLISHED,2016,SEAR,TLS,66,66.0,,,
1065,SDGIHR,PUBLISHED,2010,AFR,TGO,11,11.0,,,
1066,SDGIHR,PUBLISHED,2011,AFR,TGO,27,27.0,,,
1067,SDGIHR,PUBLISHED,2013,AFR,TGO,50,50.0,,,
1068,SDGIHR,PUBLISHED,2014,AFR,TGO,61,61.0,,,
1069,SDGIHR,PUBLISHED,2015,AFR,TGO,68,68.0,,,
1070,SDGIHR,PUBLISHED,2010,WPR,TON,59,59.0,,,
1071,SDGIHR,PUBLISHED,2011,WPR,TON,48,48.0,,,
1072,SDGIHR,PUBLISHED,2012,WPR,TON,53,53.0,,,
1073,SDGIHR,PUBLISHED,2013,WPR,TON,74,74.0,,,
1074,SDGIHR,PUBLISHED,2010,AMR,TTO,55,55.0,,,
1075,SDGIHR,PUBLISHED,2012,AMR,TTO,63,63.0,,,
1076,SDGIHR,PUBLISHED,2013,AMR,TTO,68,68.0,,,
1077,SDGIHR,PUBLISHED,2014,AMR,TTO,70,70.0,,,
1078,SDGIHR,PUBLISHED,2015,AMR,TTO,70,70.0,,,
1079,SDGIHR,PUBLISHED,2016,AMR,TTO,73,73.0,,,
1080,SDGIHR,PUBLISHED,2011,EMR,TUN,63,63.0,,,
1081,SDGIHR,PUBLISHED,2012,EMR,TUN,63,63.0,,,
1082,SDGIHR,PUBLISHED,2013,EMR,TUN,56,56.0,,,
1083,SDGIHR,PUBLISHED,2014,EMR,TUN,65,65.0,,,
1084,SDGIHR,PUBLISHED,2016,EMR,TUN,55,55.0,,,
1085,SDGIHR,PUBLISHED,2010,EUR,TUR,62,62.0,,,
1086,SDGIHR,PUBLISHED,2012,EUR,TUR,82,82.0,,,
1087,SDGIHR,PUBLISHED,2014,EUR,TUR,78,78.0,,,
1088,SDGIHR,PUBLISHED,2011,EUR,TKM,81,81.0,,,
1089,SDGIHR,PUBLISHED,2014,EUR,TKM,84,84.0,,,
1090,SDGIHR,PUBLISHED,2012,WPR,TUV,91,91.0,,,
1091,SDGIHR,PUBLISHED,2013,WPR,TUV,83,83.0,,,
1092,SDGIHR,PUBLISHED,2015,WPR,TUV,89,89.0,,,
1093,SDGIHR,PUBLISHED,2010,AFR,UGA,36,36.0,,,
1094,SDGIHR,PUBLISHED,2011,AFR,UGA,58,58.0,,,
1095,SDGIHR,PUBLISHED,2012,AFR,UGA,47,47.0,,,
1096,SDGIHR,PUBLISHED,2013,AFR,UGA,73,73.0,,,
1097,SDGIHR,PUBLISHED,2015,EUR,UKR,97,97.0,,,
1098,SDGIHR,PUBLISHED,2010,EMR,ARE,36,36.0,,,
1099,SDGIHR,PUBLISHED,2011,EMR,ARE,50,50.0,,,
1100,SDGIHR,PUBLISHED,2012,EMR,ARE,56,56.0,,,
1101,SDGIHR,PUBLISHED,2013,EMR,ARE,88,88.0,,,
1102,SDGIHR,PUBLISHED,2014,EMR,ARE,92,92.0,,,
1103,SDGIHR,PUBLISHED,2015,EMR,ARE,91,91.0,,,
1104,SDGIHR,PUBLISHED,2016,EMR,ARE,91,91.0,,,
1105,SDGIHR,PUBLISHED,2016,EUR,GBR,88,88.0,,,
1106,SDGIHR,PUBLISHED,2011,AFR,TZA,51,51.0,,,
1107,SDGIHR,PUBLISHED,2012,AFR,TZA,49,49.0,,,
1108,SDGIHR,PUBLISHED,2013,AFR,TZA,53,53.0,,,
1109,SDGIHR,PUBLISHED,2014,AFR,TZA,58,58.0,,,
1110,SDGIHR,PUBLISHED,2015,AFR,TZA,67,67.0,,,
1111,SDGIHR,PUBLISHED,2010,AMR,USA,87,87.0,,,
1112,SDGIHR,PUBLISHED,2011,AMR,USA,88,88.0,,,
1113,SDGIHR,PUBLISHED,2012,AMR,USA,96,96.0,,,
1114,SDGIHR,PUBLISHED,2013,AMR,USA,96,96.0,,,
1115,SDGIHR,PUBLISHED,2014,AMR,USA,97,97.0,,,
1116,SDGIHR,PUBLISHED,2015,AMR,USA,97,97.0,,,
1117,SDGIHR,PUBLISHED,2016,AMR,USA,96,96.0,,,
1118,SDGIHR,PUBLISHED,2013,AMR,URY,89,89.0,,,
1119,SDGIHR,PUBLISHED,2015,AMR,URY,83,83.0,,,
1120,SDGIHR,PUBLISHED,2016,AMR,URY,82,82.0,,,
1121,SDGIHR,PUBLISHED,2011,EUR,UZB,90,90.0,,,
1122,SDGIHR,PUBLISHED,2014,EUR,UZB,83,83.0,,,
1123,SDGIHR,PUBLISHED,2010,WPR,VUT,8,8.0,,,
1124,SDGIHR,PUBLISHED,2012,WPR,VUT,11,11.0,,,
1125,SDGIHR,PUBLISHED,2013,WPR,VUT,68,68.0,,,
1126,SDGIHR,PUBLISHED,2015,WPR,VUT,43,43.0,,,
1127,SDGIHR,PUBLISHED,2011,AMR,VEN,46,46.0,,,
1128,SDGIHR,PUBLISHED,2012,AMR,VEN,78,78.0,,,
1129,SDGIHR,PUBLISHED,2013,AMR,VEN,84,84.0,,,
1130,SDGIHR,PUBLISHED,2014,AMR,VEN,87,87.0,,,
1131,SDGIHR,PUBLISHED,2015,AMR,VEN,90,90.0,,,
1132,SDGIHR,PUBLISHED,2016,AMR,VEN,94,94.0,,,
1133,SDGIHR,PUBLISHED,2010,WPR,VNM,73,73.0,,,
1134,SDGIHR,PUBLISHED,2011,WPR,VNM,69,69.0,,,
1135,SDGIHR,PUBLISHED,2012,WPR,VNM,65,65.0,,,
1136,SDGIHR,PUBLISHED,2013,WPR,VNM,77,77.0,,,
1137,SDGIHR,PUBLISHED,2014,WPR,VNM,96,96.0,,,
1138,SDGIHR,PUBLISHED,2015,WPR,VNM,99,99.0,,,
1139,SDGIHR,PUBLISHED,2016,WPR,VNM,99,99.0,,,
1140,SDGIHR,PUBLISHED,2012,EMR,YEM,48,48.0,,,
1141,SDGIHR,PUBLISHED,2013,EMR,YEM,43,43.0,,,
1142,SDGIHR,PUBLISHED,2014,EMR,YEM,46,46.0,,,
1143,SDGIHR,PUBLISHED,2011,AFR,ZMB,66,66.0,,,
1144,SDGIHR,PUBLISHED,2012,AFR,ZMB,77,77.0,,,
1145,SDGIHR,PUBLISHED,2013,AFR,ZMB,91,91.0,,,
1146,SDGIHR,PUBLISHED,2014,AFR,ZMB,92,92.0,,,
1147,SDGIHR,PUBLISHED,2011,AFR,ZWE,48,48.0,,,
1148,SDGIHR,PUBLISHED,2014,AFR,ZWE,68,68.0,,,
1149,SDGIHR,PUBLISHED,2016,AFR,ZWE,73,73.0,,,
1150,SDGIHR,PUBLISHED,2017,AFR,,56,56.3,,,
1151,SDGIHR,PUBLISHED,2017,AMR,,80,80.4,,,
1152,SDGIHR,PUBLISHED,2017,SEAR,,73,73.2,,,
1153,SDGIHR,PUBLISHED,2017,EUR,,79,78.7,,,
1154,SDGIHR,PUBLISHED,2017,EMR,,72,71.6,,,
1155,SDGIHR,PUBLISHED,2017,WPR,,79,79.4,,,
1156,SDGIHR,PUBLISHED,2017,GLOBAL,,71,71.4,,,
1157,SDGIHR,PUBLISHED,2017,SEAR,TLS,72,72.0,,,
